index,lat,lon,x_m,y_m,heading_deg,vx_mps,ax_mps2,time_s
0,31.2914788000,121.2055977000,-349.332,-25.737,93.648,5.000,0.000,0.000
1,31.2914783330,121.2056062718,-348.517,-25.789,93.648,5.000,0.000,0.100
2,31.2914778661,121.2056148437,-347.701,-25.841,93.648,5.000,0.000,0.200
3,31.2914773991,121.2056234155,-346.886,-25.893,93.648,5.000,0.000,0.300
4,31.2914769322,121.2056319873,-346.071,-25.945,93.648,5.000,0.000,0.400
5,31.2914764652,121.2056405592,-345.255,-25.997,93.648,5.000,0.000,0.500
6,31.2914759982,121.2056491310,-344.440,-26.049,93.648,5.000,0.000,0.600
7,31.2914755313,121.2056577028,-343.624,-26.101,93.648,5.000,0.000,0.700
8,31.2914750643,121.2056662746,-342.809,-26.153,93.648,5.000,0.000,0.800
9,31.2914745974,121.2056748465,-341.994,-26.205,93.648,5.000,0.000,0.900
10,31.2914741304,121.2056834183,-341.178,-26.257,93.648,5.000,0.000,1.000
11,31.2914736634,121.2056919901,-340.363,-26.309,93.648,5.000,0.000,1.100
12,31.2914731965,121.2057005620,-339.547,-26.361,93.648,5.000,0.000,1.200
13,31.2914727295,121.2057091338,-338.732,-26.413,93.648,5.000,0.000,1.300
14,31.2914722625,121.2057177056,-337.917,-26.465,93.648,5.000,0.000,1.400
15,31.2914717956,121.2057262775,-337.101,-26.517,93.648,5.000,0.000,1.500
16,31.2914713286,121.2057348493,-336.286,-26.569,93.648,5.000,0.000,1.600
17,31.2914708617,121.2057434211,-335.470,-26.621,93.648,5.000,0.000,1.700
18,31.2914703947,121.2057519930,-334.655,-26.673,93.648,5.000,0.000,1.800
19,31.2914699277,121.2057605648,-333.840,-26.725,93.648,5.000,0.000,1.900
20,31.2914694608,121.2057691366,-333.024,-26.777,93.648,5.000,0.000,2.000
21,31.2914689938,121.2057777084,-332.209,-26.829,93.648,5.000,0.000,2.100
22,31.2914685269,121.2057862803,-331.393,-26.881,93.648,5.000,0.000,2.200
23,31.2914680599,121.2057948521,-330.578,-26.933,93.648,5.000,0.000,2.300
24,31.2914675929,121.2058034239,-329.763,-26.985,93.648,5.000,0.000,2.400
25,31.2914671260,121.2058119958,-328.947,-27.037,93.648,5.000,0.000,2.500
26,31.2914666590,121.2058205676,-328.132,-27.089,93.648,5.000,0.000,2.600
27,31.2914661921,121.2058291394,-327.316,-27.141,93.648,5.000,0.000,2.700
28,31.2914657251,121.2058377113,-326.501,-27.193,93.648,5.000,0.000,2.800
29,31.2914652581,121.2058462831,-325.685,-27.245,93.648,5.000,0.000,2.900
30,31.2914647912,121.2058548549,-324.870,-27.297,93.648,5.000,0.000,3.000
31,31.2914643242,121.2058634268,-324.055,-27.349,93.648,5.000,0.000,3.100
32,31.2914638573,121.2058719986,-323.239,-27.400,93.648,5.000,0.000,3.200
33,31.2914633903,121.2058805704,-322.424,-27.452,93.648,5.000,0.000,3.300
34,31.2914629233,121.2058891423,-321.608,-27.504,93.648,5.000,0.000,3.400
35,31.2914624564,121.2058977141,-320.793,-27.556,93.648,5.000,0.000,3.500
36,31.2914619894,121.2059062859,-319.978,-27.608,93.648,5.000,0.000,3.600
37,31.2914615224,121.2059148577,-319.162,-27.660,93.648,5.000,0.000,3.700
38,31.2914610555,121.2059234296,-318.347,-27.712,93.648,5.000,0.000,3.800
39,31.2914605885,121.2059320014,-317.531,-27.764,93.648,5.000,0.000,3.900
40,31.2914601216,121.2059405732,-316.716,-27.816,93.648,5.000,0.000,4.000
41,31.2914596546,121.2059491451,-315.901,-27.868,93.648,5.000,0.000,4.100
42,31.2914591876,121.2059577169,-315.085,-27.920,93.648,5.000,0.000,4.200
43,31.2914587207,121.2059662887,-314.270,-27.972,93.648,5.000,0.000,4.300
44,31.2914582537,121.2059748606,-313.454,-28.024,93.648,5.000,0.000,4.400
45,31.2914577868,121.2059834324,-312.639,-28.076,93.648,5.000,0.000,4.500
46,31.2914573198,121.2059920042,-311.824,-28.128,93.648,5.000,0.000,4.600
47,31.2914568528,121.2060005761,-311.008,-28.180,93.648,5.000,0.000,4.700
48,31.2914563859,121.2060091479,-310.193,-28.232,93.648,5.000,0.000,4.800
49,31.2914559189,121.2060177197,-309.377,-28.284,93.648,5.000,0.000,4.900
50,31.2914554520,121.2060262915,-308.562,-28.336,93.648,5.000,0.000,5.000
51,31.2914549850,121.2060348634,-307.747,-28.388,93.648,5.000,0.000,5.100
52,31.2914545180,121.2060434352,-306.931,-28.440,93.648,5.000,0.000,5.200
53,31.2914540511,121.2060520070,-306.116,-28.492,93.648,5.000,0.000,5.300
54,31.2914535841,121.2060605789,-305.300,-28.544,93.648,5.000,0.000,5.400
55,31.2914531172,121.2060691507,-304.485,-28.596,93.648,5.000,0.000,5.500
56,31.2914526502,121.2060777225,-303.670,-28.648,93.648,5.000,0.000,5.600
57,31.2914521832,121.2060862944,-302.854,-28.700,93.648,5.000,0.000,5.700
58,31.2914517163,121.2060948662,-302.039,-28.752,93.648,5.000,0.000,5.800
59,31.2914512493,121.2061034380,-301.223,-28.804,93.648,5.000,0.000,5.900
60,31.2914507823,121.2061120099,-300.408,-28.856,93.648,5.000,0.000,6.000
61,31.2914503154,121.2061205817,-299.592,-28.908,93.648,5.000,0.000,6.100
62,31.2914498484,121.2061291535,-298.777,-28.960,93.648,5.000,0.000,6.200
63,31.2914493815,121.2061377253,-297.962,-29.012,93.648,5.000,0.000,6.300
64,31.2914489145,121.2061462972,-297.146,-29.064,93.648,5.000,0.000,6.400
65,31.2914484475,121.2061548690,-296.331,-29.116,93.648,5.000,0.000,6.500
66,31.2914479806,121.2061634408,-295.515,-29.168,93.648,5.000,0.000,6.600
67,31.2914475136,121.2061720127,-294.700,-29.220,93.648,5.000,0.000,6.700
68,31.2914470467,121.2061805845,-293.885,-29.272,93.648,5.000,0.000,6.800
69,31.2914465797,121.2061891563,-293.069,-29.324,93.648,5.000,0.000,6.900
70,31.2914461127,121.2061977282,-292.254,-29.376,93.648,5.000,0.000,7.000
71,31.2914456458,121.2062063000,-291.438,-29.428,93.648,5.000,0.000,7.100
72,31.2914451788,121.2062148718,-290.623,-29.480,93.648,5.000,0.000,7.200
73,31.2914447119,121.2062234437,-289.808,-29.532,93.648,5.000,0.000,7.300
74,31.2914442449,121.2062320155,-288.992,-29.584,93.648,5.000,0.000,7.400
75,31.2914437779,121.2062405873,-288.177,-29.636,93.648,5.000,0.000,7.500
76,31.2914433110,121.2062491591,-287.361,-29.688,93.648,5.000,0.000,7.600
77,31.2914428440,121.2062577310,-286.546,-29.740,93.648,5.000,0.000,7.700
78,31.2914423770,121.2062663028,-285.731,-29.792,93.648,5.000,0.000,7.800
79,31.2914419101,121.2062748746,-284.915,-29.844,93.648,5.000,0.000,7.900
80,31.2914414431,121.2062834465,-284.100,-29.896,93.648,5.000,0.000,8.000
81,31.2914409762,121.2062920183,-283.284,-29.948,93.648,5.000,0.000,8.100
82,31.2914405092,121.2063005901,-282.469,-30.000,93.648,5.000,0.000,8.200
83,31.2914400422,121.2063091620,-281.654,-30.052,93.648,5.000,0.000,8.300
84,31.2914395753,121.2063177338,-280.838,-30.104,93.648,5.000,0.000,8.400
85,31.2914391083,121.2063263056,-280.023,-30.156,93.648,5.000,0.000,8.500
86,31.2914386414,121.2063348775,-279.207,-30.208,93.648,5.000,0.000,8.600
87,31.2914381744,121.2063434493,-278.392,-30.259,93.648,5.000,0.000,8.700
88,31.2914377074,121.2063520211,-277.577,-30.311,93.648,5.000,0.000,8.800
89,31.2914372405,121.2063605929,-276.761,-30.363,93.648,5.000,0.000,8.900
90,31.2914367735,121.2063691648,-275.946,-30.415,93.648,5.000,0.000,9.000
91,31.2914363066,121.2063777366,-275.130,-30.467,93.648,5.000,0.000,9.100
92,31.2914358396,121.2063863084,-274.315,-30.519,93.648,5.000,0.000,9.200
93,31.2914353726,121.2063948803,-273.499,-30.571,93.648,5.000,0.000,9.300
94,31.2914349057,121.2064034521,-272.684,-30.623,93.648,5.000,0.000,9.400
95,31.2914344387,121.2064120239,-271.869,-30.675,93.648,5.000,0.000,9.500
96,31.2914339718,121.2064205958,-271.053,-30.727,93.648,5.000,0.000,9.600
97,31.2914335048,121.2064291676,-270.238,-30.779,93.648,5.000,0.000,9.700
98,31.2914330378,121.2064377394,-269.422,-30.831,93.648,5.000,0.000,9.800
99,31.2914325709,121.2064463113,-268.607,-30.883,93.648,5.000,0.000,9.900
100,31.2914321039,121.2064548831,-267.792,-30.935,93.648,5.000,0.000,10.000
101,31.2914316369,121.2064634549,-266.976,-30.987,93.648,5.000,0.000,10.100
102,31.2914311700,121.2064720268,-266.161,-31.039,93.648,5.000,0.000,10.200
103,31.2914307030,121.2064805986,-265.345,-31.091,93.648,5.000,0.000,10.300
104,31.2914302361,121.2064891704,-264.530,-31.143,93.648,5.000,0.000,10.400
105,31.2914297691,121.2064977422,-263.715,-31.195,93.648,5.000,0.000,10.500
106,31.2914293021,121.2065063141,-262.899,-31.247,93.648,5.000,0.000,10.600
107,31.2914288352,121.2065148859,-262.084,-31.299,93.648,5.000,0.000,10.700
108,31.2914283682,121.2065234577,-261.268,-31.351,93.648,5.000,0.000,10.800
109,31.2914279013,121.2065320296,-260.453,-31.403,93.648,5.000,0.000,10.900
110,31.2914274343,121.2065406014,-259.638,-31.455,93.648,5.000,0.000,11.000
111,31.2914269673,121.2065491732,-258.822,-31.507,93.648,5.000,0.000,11.100
112,31.2914265004,121.2065577451,-258.007,-31.559,93.648,5.000,0.000,11.200
113,31.2914260334,121.2065663169,-257.191,-31.611,93.648,5.000,0.000,11.300
114,31.2914255665,121.2065748887,-256.376,-31.663,93.648,5.000,0.000,11.400
115,31.2914250995,121.2065834606,-255.561,-31.715,93.648,5.000,0.000,11.500
116,31.2914246325,121.2065920324,-254.745,-31.767,93.648,5.000,0.000,11.600
117,31.2914241656,121.2066006042,-253.930,-31.819,93.648,5.000,0.000,11.700
118,31.2914236986,121.2066091760,-253.114,-31.871,93.648,5.000,0.000,11.800
119,31.2914232317,121.2066177479,-252.299,-31.923,93.648,5.000,0.000,11.900
120,31.2914227647,121.2066263197,-251.483,-31.975,93.648,5.000,0.000,12.000
121,31.2914222977,121.2066348915,-250.668,-32.027,93.648,5.000,0.000,12.100
122,31.2914218308,121.2066434634,-249.853,-32.079,93.648,5.000,0.000,12.200
123,31.2914213638,121.2066520352,-249.037,-32.131,93.648,5.000,0.000,12.300
124,31.2914208968,121.2066606070,-248.222,-32.183,93.648,5.000,0.000,12.400
125,31.2914204299,121.2066691789,-247.406,-32.235,93.648,5.000,0.000,12.500
126,31.2914199629,121.2066777507,-246.591,-32.287,93.648,5.000,0.000,12.600
127,31.2914194960,121.2066863225,-245.776,-32.339,93.648,5.000,0.000,12.700
128,31.2914190290,121.2066948944,-244.960,-32.391,93.648,5.000,0.000,12.800
129,31.2914185620,121.2067034662,-244.145,-32.443,93.648,5.000,0.000,12.900
130,31.2914180951,121.2067120380,-243.329,-32.495,93.648,5.000,0.000,13.000
131,31.2914176281,121.2067206098,-242.514,-32.547,93.648,5.000,0.000,13.100
132,31.2914171612,121.2067291817,-241.699,-32.599,93.648,5.000,0.000,13.200
133,31.2914166942,121.2067377535,-240.883,-32.651,93.648,5.000,0.000,13.300
134,31.2914162272,121.2067463253,-240.068,-32.703,93.648,5.000,0.000,13.400
135,31.2914157603,121.2067548972,-239.252,-32.755,93.648,5.000,0.000,13.500
136,31.2914152933,121.2067634690,-238.437,-32.807,93.648,5.000,0.000,13.600
137,31.2914148264,121.2067720408,-237.622,-32.859,93.648,5.000,0.000,13.700
138,31.2914143594,121.2067806127,-236.806,-32.911,93.648,5.000,0.000,13.800
139,31.2914138924,121.2067891845,-235.991,-32.963,93.648,5.000,0.000,13.900
140,31.2914134255,121.2067977563,-235.175,-33.015,93.648,5.000,0.000,14.000
141,31.2914129585,121.2068063282,-234.360,-33.067,93.648,5.000,0.000,14.100
142,31.2914124916,121.2068149000,-233.545,-33.118,93.648,5.000,0.000,14.200
143,31.2914120246,121.2068234718,-232.729,-33.170,93.648,5.000,0.000,14.300
144,31.2914115576,121.2068320436,-231.914,-33.222,93.648,5.000,0.000,14.400
145,31.2914110907,121.2068406155,-231.098,-33.274,93.648,5.000,0.000,14.500
146,31.2914106237,121.2068491873,-230.283,-33.326,93.648,5.000,0.000,14.600
147,31.2914101567,121.2068577591,-229.468,-33.378,93.648,5.000,0.000,14.700
148,31.2914096898,121.2068663310,-228.652,-33.430,93.648,5.000,0.000,14.800
149,31.2914092228,121.2068749028,-227.837,-33.482,93.648,5.000,0.000,14.900
150,31.2914087559,121.2068834746,-227.021,-33.534,93.648,5.000,0.000,15.000
151,31.2914082889,121.2068920465,-226.206,-33.586,93.648,5.000,0.000,15.100
152,31.2914078219,121.2069006183,-225.390,-33.638,93.648,5.000,0.000,15.200
153,31.2914073550,121.2069091901,-224.575,-33.690,93.648,5.000,0.000,15.300
154,31.2914068880,121.2069177620,-223.760,-33.742,93.648,5.000,0.000,15.400
155,31.2914064211,121.2069263338,-222.944,-33.794,93.648,5.000,0.000,15.500
156,31.2914059541,121.2069349056,-222.129,-33.846,93.648,5.000,0.000,15.600
157,31.2914054871,121.2069434775,-221.313,-33.898,93.648,5.000,0.000,15.700
158,31.2914050202,121.2069520493,-220.498,-33.950,93.648,5.000,0.000,15.800
159,31.2914045532,121.2069606211,-219.683,-34.002,93.648,5.000,0.000,15.900
160,31.2914040863,121.2069691929,-218.867,-34.054,93.648,5.000,0.000,16.000
161,31.2914036193,121.2069777648,-218.052,-34.106,93.648,5.000,0.000,16.100
162,31.2914031523,121.2069863366,-217.236,-34.158,93.648,5.000,0.000,16.200
163,31.2914026854,121.2069949084,-216.421,-34.210,93.648,5.000,0.000,16.300
164,31.2914022184,121.2070034803,-215.606,-34.262,93.648,5.000,0.000,16.400
165,31.2914017515,121.2070120521,-214.790,-34.314,93.648,5.000,0.000,16.500
166,31.2914012845,121.2070206239,-213.975,-34.366,93.648,5.000,0.000,16.600
167,31.2914008175,121.2070291958,-213.159,-34.418,93.648,5.000,0.000,16.700
168,31.2914003506,121.2070377676,-212.344,-34.470,93.648,5.000,0.000,16.800
169,31.2913998836,121.2070463394,-211.529,-34.522,93.648,5.000,0.000,16.900
170,31.2913994166,121.2070549113,-210.713,-34.574,93.648,5.000,0.000,17.000
171,31.2913989497,121.2070634831,-209.898,-34.626,93.648,5.000,0.000,17.100
172,31.2913984827,121.2070720549,-209.082,-34.678,93.648,5.000,0.000,17.200
173,31.2913980158,121.2070806267,-208.267,-34.730,93.648,5.000,0.000,17.300
174,31.2913975488,121.2070891986,-207.452,-34.782,93.648,5.000,0.000,17.400
175,31.2913970818,121.2070977704,-206.636,-34.834,93.648,5.000,0.000,17.500
176,31.2913966149,121.2071063422,-205.821,-34.886,93.648,5.000,0.000,17.600
177,31.2913961479,121.2071149141,-205.005,-34.938,93.648,5.000,0.000,17.700
178,31.2913956810,121.2071234859,-204.190,-34.990,93.648,5.000,0.000,17.800
179,31.2913952140,121.2071320577,-203.375,-35.042,93.648,5.000,0.000,17.900
180,31.2913947470,121.2071406296,-202.559,-35.094,93.207,5.000,0.000,18.000
181,31.2913943365,121.2071492046,-201.743,-35.140,91.931,5.000,0.000,18.100
182,31.2913940892,121.2071577890,-200.927,-35.167,91.931,5.000,0.000,18.200
183,31.2913938419,121.2071663733,-200.110,-35.195,91.931,5.000,0.000,18.300
184,31.2913935945,121.2071749577,-199.294,-35.222,91.931,5.000,0.000,18.400
185,31.2913933472,121.2071835420,-198.477,-35.250,91.931,5.000,0.000,18.500
186,31.2913930999,121.2071921264,-197.660,-35.277,91.931,5.000,0.000,18.600
187,31.2913928526,121.2072007107,-196.844,-35.305,91.931,5.000,0.000,18.700
188,31.2913926053,121.2072092951,-196.027,-35.332,91.931,5.000,0.000,18.800
189,31.2913923580,121.2072178794,-195.211,-35.360,91.931,5.000,0.000,18.900
190,31.2913921107,121.2072264638,-194.394,-35.387,91.931,5.000,0.000,19.000
191,31.2913918634,121.2072350481,-193.577,-35.415,91.931,5.000,0.000,19.100
192,31.2913916160,121.2072436325,-192.761,-35.442,91.931,5.000,0.000,19.200
193,31.2913913687,121.2072522169,-191.944,-35.470,91.931,5.000,0.000,19.300
194,31.2913911214,121.2072608012,-191.128,-35.497,91.931,5.000,0.000,19.400
195,31.2913908741,121.2072693856,-190.311,-35.525,91.931,5.000,0.000,19.500
196,31.2913906268,121.2072779699,-189.494,-35.552,91.931,5.000,0.000,19.600
197,31.2913903795,121.2072865543,-188.678,-35.580,91.931,5.000,0.000,19.700
198,31.2913901322,121.2072951386,-187.861,-35.608,91.931,5.000,0.000,19.800
199,31.2913898849,121.2073037230,-187.045,-35.635,91.931,5.000,0.000,19.900
200,31.2913896375,121.2073123073,-186.228,-35.663,91.931,5.000,0.000,20.000
201,31.2913893902,121.2073208917,-185.411,-35.690,91.931,5.000,0.000,20.100
202,31.2913891429,121.2073294760,-184.595,-35.718,91.931,5.000,0.000,20.200
203,31.2913888956,121.2073380604,-183.778,-35.745,91.931,5.000,0.000,20.300
204,31.2913886483,121.2073466448,-182.962,-35.773,91.931,5.000,0.000,20.400
205,31.2913884010,121.2073552291,-182.145,-35.800,91.931,5.000,0.000,20.500
206,31.2913881537,121.2073638135,-181.328,-35.828,91.931,5.000,0.000,20.600
207,31.2913879064,121.2073723978,-180.512,-35.855,91.931,5.000,0.000,20.700
208,31.2913876590,121.2073809822,-179.695,-35.883,91.931,5.000,0.000,20.800
209,31.2913874117,121.2073895665,-178.879,-35.910,91.931,5.000,0.000,20.900
210,31.2913871644,121.2073981509,-178.062,-35.938,91.931,5.000,0.000,21.000
211,31.2913869171,121.2074067352,-177.245,-35.965,91.931,5.000,0.000,21.100
212,31.2913866698,121.2074153196,-176.429,-35.993,91.931,5.000,0.000,21.200
213,31.2913864225,121.2074239039,-175.612,-36.020,91.931,5.000,0.000,21.300
214,31.2913861752,121.2074324883,-174.796,-36.048,91.931,5.000,0.000,21.400
215,31.2913859279,121.2074410726,-173.979,-36.076,91.931,5.000,0.000,21.500
216,31.2913856805,121.2074496570,-173.162,-36.103,91.931,5.000,0.000,21.600
217,31.2913854332,121.2074582414,-172.346,-36.131,91.931,5.000,0.000,21.700
218,31.2913851859,121.2074668257,-171.529,-36.158,91.931,5.000,0.000,21.800
219,31.2913849386,121.2074754101,-170.713,-36.186,91.931,5.000,0.000,21.900
220,31.2913846913,121.2074839944,-169.896,-36.213,91.931,5.000,0.000,22.000
221,31.2913844440,121.2074925788,-169.079,-36.241,91.931,5.000,0.000,22.100
222,31.2913841967,121.2075011631,-168.263,-36.268,91.931,5.000,0.000,22.200
223,31.2913839494,121.2075097475,-167.446,-36.296,91.931,5.000,0.000,22.300
224,31.2913837020,121.2075183318,-166.630,-36.323,91.931,5.000,0.000,22.400
225,31.2913834547,121.2075269162,-165.813,-36.351,91.931,5.000,0.000,22.500
226,31.2913832074,121.2075355005,-164.996,-36.378,91.931,5.000,0.000,22.600
227,31.2913829601,121.2075440849,-164.180,-36.406,91.931,5.000,0.000,22.700
228,31.2913827128,121.2075526692,-163.363,-36.433,91.931,5.000,0.000,22.800
229,31.2913824655,121.2075612536,-162.547,-36.461,91.931,5.000,0.000,22.900
230,31.2913822182,121.2075698380,-161.730,-36.489,91.931,5.000,0.000,23.000
231,31.2913819709,121.2075784223,-160.914,-36.516,91.931,5.000,0.000,23.100
232,31.2913817235,121.2075870067,-160.097,-36.544,91.931,5.000,0.000,23.200
233,31.2913814762,121.2075955910,-159.280,-36.571,91.931,5.000,0.000,23.300
234,31.2913812289,121.2076041754,-158.464,-36.599,91.931,5.000,0.000,23.400
235,31.2913809816,121.2076127597,-157.647,-36.626,91.931,5.000,0.000,23.500
236,31.2913807343,121.2076213441,-156.831,-36.654,91.931,5.000,0.000,23.600
237,31.2913804870,121.2076299284,-156.014,-36.681,91.931,5.000,0.000,23.700
238,31.2913802397,121.2076385128,-155.197,-36.709,91.931,5.000,0.000,23.800
239,31.2913799923,121.2076470971,-154.381,-36.736,91.931,5.000,0.000,23.900
240,31.2913797450,121.2076556815,-153.564,-36.764,91.931,5.000,0.000,24.000
241,31.2913794977,121.2076642658,-152.748,-36.791,91.931,5.000,0.000,24.100
242,31.2913792504,121.2076728502,-151.931,-36.819,91.931,5.000,0.000,24.200
243,31.2913790031,121.2076814346,-151.114,-36.846,91.931,5.000,0.000,24.300
244,31.2913787558,121.2076900189,-150.298,-36.874,91.931,5.000,0.000,24.400
245,31.2913785085,121.2076986033,-149.481,-36.901,91.931,5.000,0.000,24.500
246,31.2913782612,121.2077071876,-148.665,-36.929,91.931,5.000,0.000,24.600
247,31.2913780138,121.2077157720,-147.848,-36.957,91.931,5.000,0.000,24.700
248,31.2913777665,121.2077243563,-147.031,-36.984,91.931,5.000,0.000,24.800
249,31.2913775192,121.2077329407,-146.215,-37.012,91.931,5.000,0.000,24.900
250,31.2913772719,121.2077415250,-145.398,-37.039,91.931,5.000,0.000,25.000
251,31.2913770246,121.2077501094,-144.582,-37.067,91.931,5.000,0.000,25.100
252,31.2913767773,121.2077586937,-143.765,-37.094,91.931,5.000,0.000,25.200
253,31.2913765300,121.2077672781,-142.948,-37.122,91.931,5.000,0.000,25.300
254,31.2913762827,121.2077758625,-142.132,-37.149,91.931,5.000,0.000,25.400
255,31.2913760353,121.2077844468,-141.315,-37.177,91.931,5.000,0.000,25.500
256,31.2913757880,121.2077930312,-140.499,-37.204,91.931,5.000,0.000,25.600
257,31.2913755407,121.2078016155,-139.682,-37.232,91.931,5.000,0.000,25.700
258,31.2913752934,121.2078101999,-138.865,-37.259,91.931,5.000,0.000,25.800
259,31.2913750461,121.2078187842,-138.049,-37.287,91.931,5.000,0.000,25.900
260,31.2913747988,121.2078273686,-137.232,-37.314,91.931,5.000,0.000,26.000
261,31.2913745515,121.2078359529,-136.416,-37.342,91.931,5.000,0.000,26.100
262,31.2913743042,121.2078445373,-135.599,-37.369,91.931,5.000,0.000,26.200
263,31.2913740568,121.2078531216,-134.782,-37.397,91.931,5.000,0.000,26.300
264,31.2913738095,121.2078617060,-133.966,-37.425,91.931,5.000,0.000,26.400
265,31.2913735622,121.2078702903,-133.149,-37.452,91.931,5.000,0.000,26.500
266,31.2913733149,121.2078788747,-132.333,-37.480,91.931,5.000,0.000,26.600
267,31.2913730676,121.2078874591,-131.516,-37.507,91.931,5.000,0.000,26.700
268,31.2913728203,121.2078960434,-130.699,-37.535,91.931,5.000,0.000,26.800
269,31.2913725730,121.2079046278,-129.883,-37.562,91.931,5.000,0.000,26.900
270,31.2913723257,121.2079132121,-129.066,-37.590,91.931,5.000,0.000,27.000
271,31.2913720783,121.2079217965,-128.250,-37.617,91.931,5.000,0.000,27.100
272,31.2913718310,121.2079303808,-127.433,-37.645,91.962,5.000,0.000,27.200
273,31.2913715798,121.2079389650,-126.616,-37.673,92.396,5.000,0.000,27.300
274,31.2913712729,121.2079475467,-125.800,-37.707,92.396,5.000,0.000,27.400
275,31.2913709661,121.2079561284,-124.984,-37.741,92.396,5.000,0.000,27.500
276,31.2913706592,121.2079647102,-124.167,-37.775,92.396,5.000,0.000,27.600
277,31.2913703523,121.2079732919,-123.351,-37.809,92.396,5.000,0.000,27.700
278,31.2913700455,121.2079818736,-122.535,-37.844,92.396,5.000,0.000,27.800
279,31.2913697386,121.2079904553,-121.718,-37.878,92.396,5.000,0.000,27.900
280,31.2913694318,121.2079990371,-120.902,-37.912,92.396,5.000,0.000,28.000
281,31.2913691249,121.2080076188,-120.086,-37.946,92.396,5.000,0.000,28.100
282,31.2913688180,121.2080162005,-119.269,-37.980,92.396,5.000,0.000,28.200
283,31.2913685112,121.2080247822,-118.453,-38.014,92.396,5.000,0.000,28.300
284,31.2913682043,121.2080333639,-117.637,-38.049,92.396,5.000,0.000,28.400
285,31.2913678974,121.2080419457,-116.820,-38.083,92.396,5.000,0.000,28.500
286,31.2913675906,121.2080505274,-116.004,-38.117,92.396,5.000,0.000,28.600
287,31.2913672837,121.2080591091,-115.188,-38.151,92.396,5.000,0.000,28.700
288,31.2913669768,121.2080676908,-114.371,-38.185,92.396,5.000,0.000,28.800
289,31.2913666700,121.2080762725,-113.555,-38.219,92.396,5.000,0.000,28.900
290,31.2913663631,121.2080848543,-112.739,-38.253,92.396,5.000,0.000,29.000
291,31.2913660563,121.2080934360,-111.922,-38.288,92.396,5.000,0.000,29.100
292,31.2913657494,121.2081020177,-111.106,-38.322,92.396,5.000,0.000,29.200
293,31.2913654425,121.2081105994,-110.289,-38.356,92.396,5.000,0.000,29.300
294,31.2913651357,121.2081191812,-109.473,-38.390,92.396,5.000,0.000,29.400
295,31.2913648288,121.2081277629,-108.657,-38.424,92.396,5.000,0.000,29.500
296,31.2913645219,121.2081363446,-107.840,-38.458,92.396,5.000,0.000,29.600
297,31.2913642151,121.2081449263,-107.024,-38.493,92.396,5.000,0.000,29.700
298,31.2913639082,121.2081535080,-106.208,-38.527,92.396,5.000,0.000,29.800
299,31.2913636013,121.2081620898,-105.391,-38.561,92.396,5.000,0.000,29.900
300,31.2913632945,121.2081706715,-104.575,-38.595,92.396,5.000,0.000,30.000
301,31.2913629876,121.2081792532,-103.759,-38.629,92.396,5.000,0.000,30.100
302,31.2913626808,121.2081878349,-102.942,-38.663,92.396,5.000,0.000,30.200
303,31.2913623739,121.2081964166,-102.126,-38.698,92.396,5.000,0.000,30.300
304,31.2913620670,121.2082049984,-101.310,-38.732,92.396,5.000,0.000,30.400
305,31.2913617602,121.2082135801,-100.493,-38.766,92.396,5.000,0.000,30.500
306,31.2913614533,121.2082221618,-99.677,-38.800,92.396,5.000,0.000,30.600
307,31.2913611464,121.2082307435,-98.861,-38.834,92.396,5.000,0.000,30.700
308,31.2913608396,121.2082393252,-98.044,-38.868,92.396,5.000,0.000,30.800
309,31.2913605327,121.2082479070,-97.228,-38.903,92.396,5.000,0.000,30.900
310,31.2913602258,121.2082564887,-96.412,-38.937,92.396,5.000,0.000,31.000
311,31.2913599190,121.2082650704,-95.595,-38.971,92.396,5.000,0.000,31.100
312,31.2913596121,121.2082736521,-94.779,-39.005,92.396,5.000,0.000,31.200
313,31.2913593053,121.2082822339,-93.963,-39.039,92.396,5.000,0.000,31.300
314,31.2913589984,121.2082908156,-93.146,-39.073,92.396,5.000,0.000,31.400
315,31.2913586915,121.2082993973,-92.330,-39.107,92.396,5.000,0.000,31.500
316,31.2913583847,121.2083079790,-91.513,-39.142,92.396,5.000,0.000,31.600
317,31.2913580778,121.2083165607,-90.697,-39.176,92.396,5.000,0.000,31.700
318,31.2913577709,121.2083251425,-89.881,-39.210,92.396,5.000,0.000,31.800
319,31.2913574641,121.2083337242,-89.064,-39.244,92.396,5.000,0.000,31.900
320,31.2913571572,121.2083423059,-88.248,-39.278,92.396,5.000,0.000,32.000
321,31.2913568503,121.2083508876,-87.432,-39.312,92.396,5.000,0.000,32.100
322,31.2913565435,121.2083594693,-86.615,-39.347,92.396,5.000,0.000,32.200
323,31.2913562366,121.2083680511,-85.799,-39.381,92.396,5.000,0.000,32.300
324,31.2913559297,121.2083766328,-84.983,-39.415,92.396,5.000,0.000,32.400
325,31.2913556229,121.2083852145,-84.166,-39.449,92.396,5.000,0.000,32.500
326,31.2913553160,121.2083937962,-83.350,-39.483,92.396,5.000,0.000,32.600
327,31.2913550092,121.2084023780,-82.534,-39.517,92.396,5.000,0.000,32.700
328,31.2913547023,121.2084109597,-81.717,-39.552,92.396,5.000,0.000,32.800
329,31.2913543954,121.2084195414,-80.901,-39.586,92.396,5.000,0.000,32.900
330,31.2913540886,121.2084281231,-80.085,-39.620,92.396,5.000,0.000,33.000
331,31.2913537817,121.2084367048,-79.268,-39.654,92.396,5.000,0.000,33.100
332,31.2913534748,121.2084452866,-78.452,-39.688,92.396,5.000,0.000,33.200
333,31.2913531680,121.2084538683,-77.636,-39.722,92.396,5.000,0.000,33.300
334,31.2913528611,121.2084624500,-76.819,-39.757,92.396,5.000,0.000,33.400
335,31.2913525542,121.2084710317,-76.003,-39.791,92.396,5.000,0.000,33.500
336,31.2913522474,121.2084796134,-75.187,-39.825,92.396,5.000,0.000,33.600
337,31.2913519405,121.2084881952,-74.370,-39.859,92.396,5.000,0.000,33.700
338,31.2913516337,121.2084967769,-73.554,-39.893,92.396,5.000,0.000,33.800
339,31.2913513268,121.2085053586,-72.737,-39.927,92.396,5.000,0.000,33.900
340,31.2913510199,121.2085139403,-71.921,-39.961,92.396,5.000,0.000,34.000
341,31.2913507131,121.2085225221,-71.105,-39.996,92.396,5.000,0.000,34.100
342,31.2913504062,121.2085311038,-70.288,-40.030,92.396,5.000,0.000,34.200
343,31.2913500993,121.2085396855,-69.472,-40.064,92.396,5.000,0.000,34.300
344,31.2913497925,121.2085482672,-68.656,-40.098,92.396,5.000,0.000,34.400
345,31.2913494856,121.2085568489,-67.839,-40.132,92.396,5.000,0.000,34.500
346,31.2913491787,121.2085654307,-67.023,-40.166,92.396,5.000,0.000,34.600
347,31.2913488719,121.2085740124,-66.207,-40.201,92.396,5.000,0.000,34.700
348,31.2913485650,121.2085825941,-65.390,-40.235,92.396,5.000,0.000,34.800
349,31.2913482582,121.2085911758,-64.574,-40.269,92.396,5.000,0.000,34.900
350,31.2913479513,121.2085997575,-63.758,-40.303,92.396,5.000,0.000,35.000
351,31.2913476444,121.2086083393,-62.941,-40.337,92.396,5.000,0.000,35.100
352,31.2913473376,121.2086169210,-62.125,-40.371,92.396,5.000,0.000,35.200
353,31.2913470307,121.2086255027,-61.309,-40.406,92.396,5.000,0.000,35.300
354,31.2913467238,121.2086340844,-60.492,-40.440,92.396,5.000,0.000,35.400
355,31.2913464170,121.2086426662,-59.676,-40.474,92.396,5.000,0.000,35.500
356,31.2913461101,121.2086512479,-58.860,-40.508,92.396,5.000,0.000,35.600
357,31.2913458032,121.2086598296,-58.043,-40.542,92.396,5.000,0.000,35.700
358,31.2913454964,121.2086684113,-57.227,-40.576,92.377,5.000,0.000,35.800
359,31.2913451919,121.2086769931,-56.411,-40.610,91.845,5.000,0.000,35.900
360,31.2913449556,121.2086855779,-55.594,-40.637,91.845,5.000,0.000,36.000
361,31.2913447192,121.2086941627,-54.777,-40.663,91.845,5.000,0.000,36.100
362,31.2913444828,121.2087027475,-53.961,-40.689,91.845,5.000,0.000,36.200
363,31.2913442465,121.2087113322,-53.144,-40.715,91.845,5.000,0.000,36.300
364,31.2913440101,121.2087199170,-52.327,-40.742,91.845,5.000,0.000,36.400
365,31.2913437737,121.2087285018,-51.511,-40.768,91.845,5.000,0.000,36.500
366,31.2913435374,121.2087370866,-50.694,-40.794,91.845,5.000,0.000,36.600
367,31.2913433010,121.2087456713,-49.877,-40.821,91.845,5.000,0.000,36.700
368,31.2913430646,121.2087542561,-49.061,-40.847,91.845,5.000,0.000,36.800
369,31.2913428283,121.2087628409,-48.244,-40.873,91.845,5.000,0.000,36.900
370,31.2913425919,121.2087714257,-47.428,-40.900,91.845,5.000,0.000,37.000
371,31.2913423555,121.2087800105,-46.611,-40.926,91.845,5.000,0.000,37.100
372,31.2913421192,121.2087885952,-45.794,-40.952,91.845,5.000,0.000,37.200
373,31.2913418828,121.2087971800,-44.978,-40.979,91.845,5.000,0.000,37.300
374,31.2913416464,121.2088057648,-44.161,-41.005,91.845,5.000,0.000,37.400
375,31.2913414101,121.2088143496,-43.344,-41.031,91.845,5.000,0.000,37.500
376,31.2913411737,121.2088229343,-42.528,-41.058,91.845,5.000,0.000,37.600
377,31.2913409373,121.2088315191,-41.711,-41.084,91.845,5.000,0.000,37.700
378,31.2913407010,121.2088401039,-40.894,-41.110,91.845,5.000,0.000,37.800
379,31.2913404646,121.2088486887,-40.078,-41.136,91.845,5.000,0.000,37.900
380,31.2913402282,121.2088572734,-39.261,-41.163,91.845,5.000,0.000,38.000
381,31.2913399918,121.2088658582,-38.445,-41.189,91.845,5.000,0.000,38.100
382,31.2913397555,121.2088744430,-37.628,-41.215,91.845,5.000,0.000,38.200
383,31.2913395191,121.2088830278,-36.811,-41.242,91.845,5.000,0.000,38.300
384,31.2913392827,121.2088916125,-35.995,-41.268,91.845,5.000,0.000,38.400
385,31.2913390464,121.2089001973,-35.178,-41.294,91.845,5.000,0.000,38.500
386,31.2913388100,121.2089087821,-34.361,-41.321,91.845,5.000,0.000,38.600
387,31.2913385736,121.2089173669,-33.545,-41.347,91.845,5.000,0.000,38.700
388,31.2913383373,121.2089259517,-32.728,-41.373,91.845,5.000,0.000,38.800
389,31.2913381009,121.2089345364,-31.911,-41.400,91.845,5.000,0.000,38.900
390,31.2913378645,121.2089431212,-31.095,-41.426,91.845,5.000,0.000,39.000
391,31.2913376282,121.2089517060,-30.278,-41.452,91.845,5.000,0.000,39.100
392,31.2913373918,121.2089602908,-29.461,-41.479,91.845,5.000,0.000,39.200
393,31.2913371554,121.2089688755,-28.645,-41.505,91.845,5.000,0.000,39.300
394,31.2913369191,121.2089774603,-27.828,-41.531,91.845,5.000,0.000,39.400
395,31.2913366827,121.2089860451,-27.012,-41.557,91.845,5.000,0.000,39.500
396,31.2913364463,121.2089946299,-26.195,-41.584,91.845,5.000,0.000,39.600
397,31.2913362100,121.2090032146,-25.378,-41.610,91.845,5.000,0.000,39.700
398,31.2913359736,121.2090117994,-24.562,-41.636,91.845,5.000,0.000,39.800
399,31.2913357372,121.2090203842,-23.745,-41.663,91.845,5.000,0.000,39.900
400,31.2913355009,121.2090289690,-22.928,-41.689,91.845,5.000,0.000,40.000
401,31.2913352645,121.2090375537,-22.112,-41.715,91.845,5.000,0.000,40.100
402,31.2913350281,121.2090461385,-21.295,-41.742,91.845,5.000,0.000,40.200
403,31.2913347918,121.2090547233,-20.478,-41.768,91.845,5.000,0.000,40.300
404,31.2913345554,121.2090633081,-19.662,-41.794,91.845,5.000,0.000,40.400
405,31.2913343190,121.2090718928,-18.845,-41.821,91.845,5.000,0.000,40.500
406,31.2913340827,121.2090804776,-18.029,-41.847,91.845,5.000,0.000,40.600
407,31.2913338463,121.2090890624,-17.212,-41.873,91.845,5.000,0.000,40.700
408,31.2913336099,121.2090976472,-16.395,-41.900,91.845,5.000,0.000,40.800
409,31.2913333736,121.2091062320,-15.579,-41.926,91.845,5.000,0.000,40.900
410,31.2913331372,121.2091148167,-14.762,-41.952,91.845,5.000,0.000,41.000
411,31.2913329008,121.2091234015,-13.945,-41.978,91.845,5.000,0.000,41.100
412,31.2913326645,121.2091319863,-13.129,-42.005,91.845,5.000,0.000,41.200
413,31.2913324281,121.2091405711,-12.312,-42.031,91.845,5.000,0.000,41.300
414,31.2913321917,121.2091491558,-11.495,-42.057,91.845,5.000,0.000,41.400
415,31.2913319554,121.2091577406,-10.679,-42.084,91.845,5.000,0.000,41.500
416,31.2913317190,121.2091663254,-9.862,-42.110,91.845,5.000,0.000,41.600
417,31.2913314826,121.2091749102,-9.046,-42.136,91.845,5.000,0.000,41.700
418,31.2913312463,121.2091834949,-8.229,-42.163,91.845,5.000,0.000,41.800
419,31.2913310099,121.2091920797,-7.412,-42.189,91.845,5.000,0.000,41.900
420,31.2913307735,121.2092006645,-6.596,-42.215,91.845,5.000,0.000,42.000
421,31.2913305372,121.2092092493,-5.779,-42.242,91.845,5.000,0.000,42.100
422,31.2913303008,121.2092178340,-4.962,-42.268,91.845,5.000,0.000,42.200
423,31.2913300644,121.2092264188,-4.146,-42.294,91.845,5.000,0.000,42.300
424,31.2913298281,121.2092350036,-3.329,-42.321,91.845,5.000,0.000,42.400
425,31.2913295917,121.2092435884,-2.512,-42.347,91.845,5.000,0.000,42.500
426,31.2913293553,121.2092521732,-1.696,-42.373,91.845,5.000,0.000,42.600
427,31.2913291190,121.2092607579,-0.879,-42.399,91.845,5.000,0.000,42.700
428,31.2913288826,121.2092693427,-0.063,-42.426,91.845,5.000,0.000,42.800
429,31.2913286462,121.2092779275,0.754,-42.452,91.845,5.000,0.000,42.900
430,31.2913284099,121.2092865123,1.571,-42.478,91.845,5.000,0.000,43.000
431,31.2913281735,121.2092950970,2.387,-42.505,91.845,5.000,0.000,43.100
432,31.2913279371,121.2093036818,3.204,-42.531,91.845,5.000,0.000,43.200
433,31.2913277008,121.2093122666,4.021,-42.557,91.845,5.000,0.000,43.300
434,31.2913274644,121.2093208514,4.837,-42.584,91.845,5.000,0.000,43.400
435,31.2913272280,121.2093294361,5.654,-42.610,91.845,5.000,0.000,43.500
436,31.2913269916,121.2093380209,6.471,-42.636,91.845,5.000,0.000,43.600
437,31.2913267553,121.2093466057,7.287,-42.663,91.845,5.000,0.000,43.700
438,31.2913265189,121.2093551905,8.104,-42.689,91.845,5.000,0.000,43.800
439,31.2913262825,121.2093637752,8.920,-42.715,91.845,5.000,0.000,43.900
440,31.2913260462,121.2093723600,9.737,-42.742,91.845,5.000,0.000,44.000
441,31.2913258098,121.2093809448,10.554,-42.768,91.845,5.000,0.000,44.100
442,31.2913255734,121.2093895296,11.370,-42.794,91.845,5.000,0.000,44.200
443,31.2913253371,121.2093981143,12.187,-42.820,91.845,5.000,0.000,44.300
444,31.2913251007,121.2094066991,13.004,-42.847,91.845,5.000,0.000,44.400
445,31.2913248643,121.2094152839,13.820,-42.873,91.845,5.000,0.000,44.500
446,31.2913246280,121.2094238687,14.637,-42.899,91.845,5.000,0.000,44.600
447,31.2913243916,121.2094324535,15.454,-42.926,91.845,5.000,0.000,44.700
448,31.2913241552,121.2094410382,16.270,-42.952,91.845,5.000,0.000,44.800
449,31.2913239189,121.2094496230,17.087,-42.978,91.845,5.000,0.000,44.900
450,31.2913236825,121.2094582078,17.904,-43.005,91.845,5.000,0.000,45.000
451,31.2913234461,121.2094667926,18.720,-43.031,91.845,5.000,0.000,45.100
452,31.2913232098,121.2094753773,19.537,-43.057,91.845,5.000,0.000,45.200
453,31.2913229734,121.2094839621,20.353,-43.084,91.845,5.000,0.000,45.300
454,31.2913227370,121.2094925469,21.170,-43.110,91.845,5.000,0.000,45.400
455,31.2913225007,121.2095011317,21.987,-43.136,91.845,5.000,0.000,45.500
456,31.2913222643,121.2095097164,22.803,-43.163,91.845,5.000,0.000,45.600
457,31.2913220279,121.2095183012,23.620,-43.189,91.845,5.000,0.000,45.700
458,31.2913217916,121.2095268860,24.437,-43.215,91.845,5.000,0.000,45.800
459,31.2913215552,121.2095354708,25.253,-43.241,91.845,5.000,0.000,45.900
460,31.2913213188,121.2095440555,26.070,-43.268,91.845,5.000,0.000,46.000
461,31.2913210825,121.2095526403,26.887,-43.294,91.845,5.000,0.000,46.100
462,31.2913208461,121.2095612251,27.703,-43.320,91.845,5.000,0.000,46.200
463,31.2913206097,121.2095698099,28.520,-43.347,91.845,5.000,0.000,46.300
464,31.2913203734,121.2095783946,29.336,-43.373,91.845,5.000,0.000,46.400
465,31.2913201370,121.2095869794,30.153,-43.399,91.845,5.000,0.000,46.500
466,31.2913199006,121.2095955642,30.970,-43.426,91.845,5.000,0.000,46.600
467,31.2913196643,121.2096041490,31.786,-43.452,91.845,5.000,0.000,46.700
468,31.2913194279,121.2096127338,32.603,-43.478,91.845,5.000,0.000,46.800
469,31.2913191915,121.2096213185,33.420,-43.505,91.845,5.000,0.000,46.900
470,31.2913189552,121.2096299033,34.236,-43.531,91.845,5.000,0.000,47.000
471,31.2913187188,121.2096384881,35.053,-43.557,91.845,5.000,0.000,47.100
472,31.2913184824,121.2096470729,35.870,-43.584,91.845,5.000,0.000,47.200
473,31.2913182461,121.2096556576,36.686,-43.610,91.845,5.000,0.000,47.300
474,31.2913180097,121.2096642424,37.503,-43.636,91.845,5.000,0.000,47.400
475,31.2913177733,121.2096728272,38.319,-43.662,91.845,5.000,0.000,47.500
476,31.2913175370,121.2096814120,39.136,-43.689,91.845,5.000,0.000,47.600
477,31.2913173006,121.2096899967,39.953,-43.715,91.845,5.000,0.000,47.700
478,31.2913170642,121.2096985815,40.769,-43.741,91.845,5.000,0.000,47.800
479,31.2913168279,121.2097071663,41.586,-43.768,91.845,5.000,0.000,47.900
480,31.2913165915,121.2097157511,42.403,-43.794,91.845,5.000,0.000,48.000
481,31.2913163551,121.2097243358,43.219,-43.820,91.845,5.000,0.000,48.100
482,31.2913161188,121.2097329206,44.036,-43.847,91.845,5.000,0.000,48.200
483,31.2913158824,121.2097415054,44.853,-43.873,91.845,5.000,0.000,48.300
484,31.2913156460,121.2097500902,45.669,-43.899,91.845,5.000,0.000,48.400
485,31.2913154097,121.2097586750,46.486,-43.926,91.845,5.000,0.000,48.500
486,31.2913151733,121.2097672597,47.302,-43.952,91.845,5.000,0.000,48.600
487,31.2913149369,121.2097758445,48.119,-43.978,91.845,5.000,0.000,48.700
488,31.2913147006,121.2097844293,48.936,-44.005,91.845,5.000,0.000,48.800
489,31.2913144642,121.2097930141,49.752,-44.031,91.845,5.000,0.000,48.900
490,31.2913142278,121.2098015988,50.569,-44.057,91.845,5.000,0.000,49.000
491,31.2913139914,121.2098101836,51.386,-44.083,91.845,5.000,0.000,49.100
492,31.2913137551,121.2098187684,52.202,-44.110,91.845,5.000,0.000,49.200
493,31.2913135187,121.2098273532,53.019,-44.136,91.845,5.000,0.000,49.300
494,31.2913132823,121.2098359379,53.836,-44.162,91.845,5.000,0.000,49.400
495,31.2913130460,121.2098445227,54.652,-44.189,91.845,5.000,0.000,49.500
496,31.2913128096,121.2098531075,55.469,-44.215,91.845,5.000,0.000,49.600
497,31.2913125732,121.2098616923,56.285,-44.241,91.845,5.000,0.000,49.700
498,31.2913123369,121.2098702770,57.102,-44.268,91.845,5.000,0.000,49.800
499,31.2913121005,121.2098788618,57.919,-44.294,91.845,5.000,0.000,49.900
500,31.2913118641,121.2098874466,58.735,-44.320,91.845,5.000,0.000,50.000
501,31.2913116278,121.2098960314,59.552,-44.347,91.845,5.000,0.000,50.100
502,31.2913113914,121.2099046161,60.369,-44.373,91.845,5.000,0.000,50.200
503,31.2913111550,121.2099132009,61.185,-44.399,92.432,5.000,0.000,50.300
504,31.2913108435,121.2099217823,62.002,-44.434,92.610,5.000,0.000,50.400
505,31.2913105092,121.2099303626,62.818,-44.471,92.610,5.000,0.000,50.500
506,31.2913101750,121.2099389429,63.634,-44.508,92.610,5.000,0.000,50.600
507,31.2913098407,121.2099475232,64.450,-44.546,92.610,5.000,0.000,50.700
508,31.2913095064,121.2099561036,65.266,-44.583,92.610,5.000,0.000,50.800
509,31.2913091721,121.2099646839,66.083,-44.620,92.610,5.000,0.000,50.900
510,31.2913088378,121.2099732642,66.899,-44.657,92.610,5.000,0.000,51.000
511,31.2913085035,121.2099818445,67.715,-44.694,92.610,5.000,0.000,51.100
512,31.2913081692,121.2099904248,68.531,-44.732,92.610,5.000,0.000,51.200
513,31.2913078349,121.2099990051,69.348,-44.769,92.610,5.000,0.000,51.300
514,31.2913075006,121.2100075855,70.164,-44.806,92.610,5.000,0.000,51.400
515,31.2913071663,121.2100161658,70.980,-44.843,92.610,5.000,0.000,51.500
516,31.2913068320,121.2100247461,71.796,-44.880,92.610,5.000,0.000,51.600
517,31.2913064977,121.2100333264,72.612,-44.918,92.610,5.000,0.000,51.700
518,31.2913061634,121.2100419067,73.429,-44.955,92.610,5.000,0.000,51.800
519,31.2913058291,121.2100504870,74.245,-44.992,92.610,5.000,0.000,51.900
520,31.2913054948,121.2100590674,75.061,-45.029,92.610,5.000,0.000,52.000
521,31.2913051605,121.2100676477,75.877,-45.067,92.610,5.000,0.000,52.100
522,31.2913048262,121.2100762280,76.693,-45.104,92.610,5.000,0.000,52.200
523,31.2913044919,121.2100848083,77.510,-45.141,92.610,5.000,0.000,52.300
524,31.2913041576,121.2100933886,78.326,-45.178,92.610,5.000,0.000,52.400
525,31.2913038233,121.2101019690,79.142,-45.215,92.610,5.000,0.000,52.500
526,31.2913034890,121.2101105493,79.958,-45.253,92.610,5.000,0.000,52.600
527,31.2913031547,121.2101191296,80.775,-45.290,92.610,5.000,0.000,52.700
528,31.2913028204,121.2101277099,81.591,-45.327,92.610,5.000,0.000,52.800
529,31.2913024861,121.2101362902,82.407,-45.364,92.610,5.000,0.000,52.900
530,31.2913021518,121.2101448705,83.223,-45.401,92.610,5.000,0.000,53.000
531,31.2913018175,121.2101534509,84.039,-45.439,92.610,5.000,0.000,53.100
532,31.2913014832,121.2101620312,84.856,-45.476,92.610,5.000,0.000,53.200
533,31.2913011489,121.2101706115,85.672,-45.513,92.610,5.000,0.000,53.300
534,31.2913008146,121.2101791918,86.488,-45.550,92.610,5.000,0.000,53.400
535,31.2913004803,121.2101877721,87.304,-45.588,92.610,5.000,0.000,53.500
536,31.2913001460,121.2101963524,88.120,-45.625,93.032,5.000,0.000,53.600
537,31.2912997577,121.2102049295,88.936,-45.668,93.360,5.000,0.000,53.700
538,31.2912993276,121.2102135039,89.752,-45.716,93.360,5.000,0.000,53.800
539,31.2912988975,121.2102220784,90.568,-45.764,93.360,5.000,0.000,53.900
540,31.2912984673,121.2102306529,91.383,-45.812,93.360,5.000,0.000,54.000
541,31.2912980372,121.2102392273,92.199,-45.859,93.360,5.000,0.000,54.100
542,31.2912976071,121.2102478018,93.015,-45.907,93.360,5.000,0.000,54.200
543,31.2912971769,121.2102563763,93.830,-45.955,93.360,5.000,0.000,54.300
544,31.2912967468,121.2102649508,94.646,-46.003,93.360,5.000,0.000,54.400
545,31.2912963167,121.2102735252,95.462,-46.051,93.360,5.000,0.000,54.500
546,31.2912958865,121.2102820997,96.277,-46.099,93.360,5.000,0.000,54.600
547,31.2912954564,121.2102906742,97.093,-46.147,93.360,5.000,0.000,54.700
548,31.2912950263,121.2102992486,97.909,-46.195,93.360,5.000,0.000,54.800
549,31.2912945961,121.2103078231,98.724,-46.243,93.360,5.000,0.000,54.900
550,31.2912941660,121.2103163976,99.540,-46.290,93.360,5.000,0.000,55.000
551,31.2912937359,121.2103249720,100.356,-46.338,93.360,5.000,0.000,55.100
552,31.2912933057,121.2103335465,101.171,-46.386,93.360,5.000,0.000,55.200
553,31.2912928756,121.2103421210,101.987,-46.434,93.360,5.000,0.000,55.300
554,31.2912924455,121.2103506955,102.803,-46.482,93.360,5.000,0.000,55.400
555,31.2912920153,121.2103592699,103.618,-46.530,93.360,5.000,0.000,55.500
556,31.2912915852,121.2103678444,104.434,-46.578,93.360,5.000,0.000,55.600
557,31.2912911551,121.2103764189,105.250,-46.626,93.360,5.000,0.000,55.700
558,31.2912907249,121.2103849933,106.065,-46.673,93.360,5.000,0.000,55.800
559,31.2912902948,121.2103935678,106.881,-46.721,93.360,5.000,0.000,55.900
560,31.2912898647,121.2104021423,107.696,-46.769,93.360,5.000,0.000,56.000
561,31.2912894345,121.2104107167,108.512,-46.817,93.360,5.000,0.000,56.100
562,31.2912890044,121.2104192912,109.328,-46.865,93.360,5.000,0.000,56.200
563,31.2912885743,121.2104278657,110.143,-46.913,93.360,5.000,0.000,56.300
564,31.2912881441,121.2104364401,110.959,-46.961,93.360,5.000,0.000,56.400
565,31.2912877140,121.2104450146,111.775,-47.009,93.360,5.000,0.000,56.500
566,31.2912872839,121.2104535891,112.590,-47.057,93.360,5.000,0.000,56.600
567,31.2912868537,121.2104621636,113.406,-47.104,93.360,5.000,0.000,56.700
568,31.2912864236,121.2104707380,114.222,-47.152,93.360,5.000,0.000,56.800
569,31.2912859935,121.2104793125,115.037,-47.200,93.360,5.000,0.000,56.900
570,31.2912855633,121.2104878870,115.853,-47.248,93.360,5.000,0.000,57.000
571,31.2912851332,121.2104964614,116.669,-47.296,93.360,5.000,0.000,57.100
572,31.2912847031,121.2105050359,117.484,-47.344,93.360,5.000,0.000,57.200
573,31.2912842729,121.2105136104,118.300,-47.392,93.360,5.000,0.000,57.300
574,31.2912838428,121.2105221848,119.116,-47.440,93.360,5.000,0.000,57.400
575,31.2912834126,121.2105307593,119.931,-47.487,93.360,5.000,0.000,57.500
576,31.2912829825,121.2105393338,120.747,-47.535,93.360,5.000,0.000,57.600
577,31.2912825524,121.2105479083,121.563,-47.583,93.360,5.000,0.000,57.700
578,31.2912821222,121.2105564827,122.378,-47.631,93.343,5.000,0.000,57.800
579,31.2912816942,121.2105650573,123.194,-47.679,92.458,5.000,0.000,57.900
580,31.2912813794,121.2105736386,124.010,-47.714,92.458,5.000,0.000,58.000
581,31.2912810646,121.2105822200,124.827,-47.749,92.458,5.000,0.000,58.100
582,31.2912807498,121.2105908013,125.643,-47.784,92.458,5.000,0.000,58.200
583,31.2912804350,121.2105993826,126.459,-47.819,92.458,5.000,0.000,58.300
584,31.2912801202,121.2106079640,127.276,-47.854,92.458,5.000,0.000,58.400
585,31.2912798054,121.2106165453,128.092,-47.889,92.458,5.000,0.000,58.500
586,31.2912794905,121.2106251266,128.908,-47.924,92.458,5.000,0.000,58.600
587,31.2912791757,121.2106337079,129.724,-47.959,92.458,5.000,0.000,58.700
588,31.2912788609,121.2106422893,130.541,-47.994,92.458,5.000,0.000,58.800
589,31.2912785461,121.2106508706,131.357,-48.029,92.458,5.000,0.000,58.900
590,31.2912782313,121.2106594519,132.173,-48.064,92.458,5.000,0.000,59.000
591,31.2912779165,121.2106680332,132.990,-48.099,92.458,5.000,0.000,59.100
592,31.2912776017,121.2106766146,133.806,-48.134,92.458,5.000,0.000,59.200
593,31.2912772869,121.2106851959,134.622,-48.169,92.458,5.000,0.000,59.300
594,31.2912769721,121.2106937772,135.439,-48.204,92.458,5.000,0.000,59.400
595,31.2912766572,121.2107023585,136.255,-48.239,92.458,5.000,0.000,59.500
596,31.2912763424,121.2107109399,137.071,-48.275,92.458,5.000,0.000,59.600
597,31.2912760276,121.2107195212,137.888,-48.310,92.449,5.000,0.000,59.700
598,31.2912757140,121.2107281026,138.704,-48.344,92.442,5.000,0.000,59.800
599,31.2912754013,121.2107366840,139.520,-48.379,92.442,5.000,0.000,59.900
600,31.2912750885,121.2107452655,140.337,-48.414,92.442,5.000,0.000,60.000
601,31.2912747757,121.2107538469,141.153,-48.449,92.442,5.000,0.000,60.100
602,31.2912744630,121.2107624283,141.969,-48.484,92.442,5.000,0.000,60.200
603,31.2912741502,121.2107710097,142.785,-48.519,92.442,5.000,0.000,60.300
604,31.2912738374,121.2107795912,143.602,-48.553,92.442,5.000,0.000,60.400
605,31.2912735247,121.2107881726,144.418,-48.588,92.442,5.000,0.000,60.500
606,31.2912732119,121.2107967540,145.234,-48.623,92.442,5.000,0.000,60.600
607,31.2912728991,121.2108053355,146.051,-48.658,92.442,5.000,0.000,60.700
608,31.2912725864,121.2108139169,146.867,-48.693,92.442,5.000,0.000,60.800
609,31.2912722736,121.2108224983,147.683,-48.727,92.442,5.000,0.000,60.900
610,31.2912719608,121.2108310797,148.500,-48.762,92.442,5.000,0.000,61.000
611,31.2912716481,121.2108396612,149.316,-48.797,92.442,5.000,0.000,61.100
612,31.2912713353,121.2108482426,150.132,-48.832,92.442,5.000,0.000,61.200
613,31.2912710225,121.2108568240,150.949,-48.867,92.442,5.000,0.000,61.300
614,31.2912707098,121.2108654055,151.765,-48.902,92.442,5.000,0.000,61.400
615,31.2912703970,121.2108739869,152.581,-48.936,92.442,5.000,0.000,61.500
616,31.2912700842,121.2108825683,153.398,-48.971,92.442,5.000,0.000,61.600
617,31.2912697715,121.2108911498,154.214,-49.006,92.442,5.000,0.000,61.700
618,31.2912694587,121.2108997312,155.030,-49.041,92.442,5.000,0.000,61.800
619,31.2912691460,121.2109083126,155.847,-49.076,92.442,5.000,0.000,61.900
620,31.2912688332,121.2109168940,156.663,-49.110,92.442,5.000,0.000,62.000
621,31.2912685204,121.2109254755,157.479,-49.145,92.442,5.000,0.000,62.100
622,31.2912682077,121.2109340569,158.296,-49.180,92.442,5.000,0.000,62.200
623,31.2912678949,121.2109426383,159.112,-49.215,92.442,5.000,0.000,62.300
624,31.2912675821,121.2109512198,159.928,-49.250,92.442,5.000,0.000,62.400
625,31.2912672694,121.2109598012,160.745,-49.285,92.442,5.000,0.000,62.500
626,31.2912669566,121.2109683826,161.561,-49.319,92.442,5.000,0.000,62.600
627,31.2912666438,121.2109769640,162.377,-49.354,92.442,5.000,0.000,62.700
628,31.2912663311,121.2109855455,163.193,-49.389,92.442,5.000,0.000,62.800
629,31.2912660183,121.2109941269,164.010,-49.424,92.442,5.000,0.000,62.900
630,31.2912657055,121.2110027083,164.826,-49.459,92.442,5.000,0.000,63.000
631,31.2912653928,121.2110112898,165.642,-49.493,92.442,5.000,0.000,63.100
632,31.2912650800,121.2110198712,166.459,-49.528,92.442,5.000,0.000,63.200
633,31.2912647672,121.2110284526,167.275,-49.563,92.442,5.000,0.000,63.300
634,31.2912644545,121.2110370341,168.091,-49.598,92.442,5.000,0.000,63.400
635,31.2912641417,121.2110456155,168.908,-49.633,92.442,5.000,0.000,63.500
636,31.2912638289,121.2110541969,169.724,-49.668,92.442,5.000,0.000,63.600
637,31.2912635162,121.2110627783,170.540,-49.702,92.442,5.000,0.000,63.700
638,31.2912632034,121.2110713598,171.357,-49.737,92.442,5.000,0.000,63.800
639,31.2912628906,121.2110799412,172.173,-49.772,92.442,5.000,0.000,63.900
640,31.2912625779,121.2110885226,172.989,-49.807,92.442,5.000,0.000,64.000
641,31.2912622651,121.2110971041,173.806,-49.842,92.442,5.000,0.000,64.100
642,31.2912619523,121.2111056855,174.622,-49.876,92.442,5.000,0.000,64.200
643,31.2912616396,121.2111142669,175.438,-49.911,92.442,5.000,0.000,64.300
644,31.2912613268,121.2111228483,176.255,-49.946,92.442,5.000,0.000,64.400
645,31.2912610140,121.2111314298,177.071,-49.981,92.442,5.000,0.000,64.500
646,31.2912607013,121.2111400112,177.887,-50.016,92.442,5.000,0.000,64.600
647,31.2912603885,121.2111485926,178.704,-50.051,92.442,5.000,0.000,64.700
648,31.2912600758,121.2111571741,179.520,-50.085,92.442,5.000,0.000,64.800
649,31.2912597630,121.2111657555,180.336,-50.120,92.442,5.000,0.000,64.900
650,31.2912594502,121.2111743369,181.153,-50.155,92.442,5.000,0.000,65.000
651,31.2912591375,121.2111829184,181.969,-50.190,92.442,5.000,0.000,65.100
652,31.2912588247,121.2111914998,182.785,-50.225,92.442,5.000,0.000,65.200
653,31.2912585119,121.2112000812,183.601,-50.259,92.442,5.000,0.000,65.300
654,31.2912581992,121.2112086626,184.418,-50.294,92.442,5.000,0.000,65.400
655,31.2912578864,121.2112172441,185.234,-50.329,92.442,5.000,0.000,65.500
656,31.2912575736,121.2112258255,186.050,-50.364,92.442,5.000,0.000,65.600
657,31.2912572609,121.2112344069,186.867,-50.399,92.442,5.000,0.000,65.700
658,31.2912569481,121.2112429884,187.683,-50.434,92.442,5.000,0.000,65.800
659,31.2912566353,121.2112515698,188.499,-50.468,92.442,5.000,0.000,65.900
660,31.2912563226,121.2112601512,189.316,-50.503,92.442,5.000,0.000,66.000
661,31.2912560098,121.2112687327,190.132,-50.538,92.442,5.000,0.000,66.100
662,31.2912556970,121.2112773141,190.948,-50.573,92.442,5.000,0.000,66.200
663,31.2912553843,121.2112858955,191.765,-50.608,92.442,5.000,0.000,66.300
664,31.2912550715,121.2112944769,192.581,-50.642,92.442,5.000,0.000,66.400
665,31.2912547587,121.2113030584,193.397,-50.677,92.442,5.000,0.000,66.500
666,31.2912544460,121.2113116398,194.214,-50.712,92.442,5.000,0.000,66.600
667,31.2912541332,121.2113202212,195.030,-50.747,92.442,5.000,0.000,66.700
668,31.2912538204,121.2113288027,195.846,-50.782,92.442,5.000,0.000,66.800
669,31.2912535077,121.2113373841,196.663,-50.816,92.442,5.000,0.000,66.900
670,31.2912531949,121.2113459655,197.479,-50.851,92.442,5.000,0.000,67.000
671,31.2912528821,121.2113545469,198.295,-50.886,92.442,5.000,0.000,67.100
672,31.2912525694,121.2113631284,199.112,-50.921,92.442,5.000,0.000,67.200
673,31.2912522566,121.2113717098,199.928,-50.956,92.442,5.000,0.000,67.300
674,31.2912519438,121.2113802912,200.744,-50.991,92.442,5.000,0.000,67.400
675,31.2912516311,121.2113888727,201.560,-51.025,92.442,5.000,0.000,67.500
676,31.2912513183,121.2113974541,202.377,-51.060,92.442,5.000,0.000,67.600
677,31.2912510056,121.2114060355,203.193,-51.095,92.442,5.000,0.000,67.700
678,31.2912506928,121.2114146170,204.009,-51.130,92.442,5.000,0.000,67.800
679,31.2912503800,121.2114231984,204.826,-51.165,92.442,5.000,0.000,67.900
680,31.2912500673,121.2114317798,205.642,-51.199,92.442,5.000,0.000,68.000
681,31.2912497545,121.2114403612,206.458,-51.234,95.992,5.000,0.000,68.100
682,31.2912489897,121.2114488875,207.269,-51.319,99.457,5.000,0.000,68.200
683,31.2912477837,121.2114573600,208.075,-51.454,99.457,5.000,0.000,68.300
684,31.2912465778,121.2114658325,208.881,-51.588,99.457,5.000,0.000,68.400
685,31.2912453718,121.2114743050,209.687,-51.722,99.457,5.000,0.000,68.500
686,31.2912441658,121.2114827775,210.493,-51.856,99.457,5.000,0.000,68.600
687,31.2912429599,121.2114912500,211.299,-51.991,99.457,5.000,0.000,68.700
688,31.2912417539,121.2114997225,212.105,-52.125,99.457,5.000,0.000,68.800
689,31.2912405479,121.2115081950,212.911,-52.259,99.457,5.000,0.000,68.900
690,31.2912393419,121.2115166675,213.717,-52.393,99.457,5.000,0.000,69.000
691,31.2912381360,121.2115251400,214.523,-52.528,99.457,5.000,0.000,69.100
692,31.2912369300,121.2115336125,215.329,-52.662,99.457,5.000,0.000,69.200
693,31.2912357240,121.2115420850,216.135,-52.796,99.457,5.000,0.000,69.300
694,31.2912345181,121.2115505575,216.941,-52.930,99.457,5.000,0.000,69.400
695,31.2912333121,121.2115590300,217.747,-53.065,99.457,5.000,0.000,69.500
696,31.2912321061,121.2115675025,218.553,-53.199,99.457,5.000,0.000,69.600
697,31.2912309001,121.2115759750,219.359,-53.333,99.457,5.000,0.000,69.700
698,31.2912296942,121.2115844475,220.165,-53.467,99.457,5.000,0.000,69.800
699,31.2912284882,121.2115929200,220.971,-53.602,99.457,5.000,0.000,69.900
700,31.2912272822,121.2116013925,221.777,-53.736,99.457,5.000,0.000,70.000
701,31.2912260763,121.2116098650,222.583,-53.870,99.457,5.000,0.000,70.100
702,31.2912248703,121.2116183375,223.389,-54.004,99.457,5.000,0.000,70.200
703,31.2912236643,121.2116268100,224.195,-54.139,99.457,5.000,0.000,70.300
704,31.2912224583,121.2116352825,225.001,-54.273,105.786,5.000,0.000,70.400
705,31.2912204667,121.2116435265,225.785,-54.495,108.458,5.000,0.000,70.500
706,31.2912181429,121.2116516739,226.560,-54.753,108.458,5.000,0.000,70.600
707,31.2912158191,121.2116598213,227.335,-55.012,108.458,5.000,0.000,70.700
708,31.2912134953,121.2116679686,228.110,-55.271,108.458,5.000,0.000,70.800
709,31.2912111715,121.2116761160,228.885,-55.529,108.458,5.000,0.000,70.900
710,31.2912088477,121.2116842634,229.660,-55.788,108.458,5.000,0.000,71.000
711,31.2912065239,121.2116924108,230.435,-56.047,108.458,5.000,0.000,71.100
712,31.2912042000,121.2117005582,231.210,-56.305,108.458,5.000,0.000,71.200
713,31.2912018762,121.2117087056,231.985,-56.564,108.458,5.000,0.000,71.300
714,31.2911995524,121.2117168529,232.760,-56.823,108.458,5.000,0.000,71.400
715,31.2911972286,121.2117250003,233.535,-57.081,108.458,5.000,0.000,71.500
716,31.2911949048,121.2117331477,234.310,-57.340,108.458,5.000,0.000,71.600
717,31.2911925810,121.2117412951,235.085,-57.599,108.458,5.000,0.000,71.700
718,31.2911902572,121.2117494425,235.860,-57.858,108.458,5.000,0.000,71.800
719,31.2911879334,121.2117575899,236.635,-58.116,108.458,5.000,0.000,71.900
720,31.2911856096,121.2117657372,237.410,-58.375,108.458,5.000,0.000,72.000
721,31.2911832858,121.2117738846,238.185,-58.634,108.458,5.000,0.000,72.100
722,31.2911809620,121.2117820320,238.960,-58.892,111.596,5.000,0.000,72.200
723,31.2911782608,121.2117900174,239.720,-59.193,111.831,5.000,0.000,72.300
724,31.2911755313,121.2117979906,240.478,-59.497,111.831,5.000,0.000,72.400
725,31.2911728018,121.2118059639,241.237,-59.801,111.831,5.000,0.000,72.500
726,31.2911700723,121.2118139371,241.995,-60.104,111.831,5.000,0.000,72.600
727,31.2911673428,121.2118219103,242.754,-60.408,111.831,5.000,0.000,72.700
728,31.2911646133,121.2118298836,243.512,-60.712,111.831,5.000,0.000,72.800
729,31.2911618839,121.2118378568,244.271,-61.016,111.831,5.000,0.000,72.900
730,31.2911591544,121.2118458300,245.029,-61.320,111.831,5.000,0.000,73.000
731,31.2911564249,121.2118538033,245.788,-61.624,111.831,5.000,0.000,73.100
732,31.2911536954,121.2118617765,246.546,-61.928,111.831,5.000,0.000,73.200
733,31.2911509659,121.2118697497,247.305,-62.231,111.831,5.000,0.000,73.300
734,31.2911482364,121.2118777230,248.063,-62.535,111.831,5.000,0.000,73.400
735,31.2911455069,121.2118856962,248.821,-62.839,111.831,5.000,0.000,73.500
736,31.2911427774,121.2118936694,249.580,-63.143,111.831,5.000,0.000,73.600
737,31.2911400479,121.2119016427,250.338,-63.447,111.831,5.000,0.000,73.700
738,31.2911373184,121.2119096159,251.097,-63.751,111.831,5.000,0.000,73.800
739,31.2911345889,121.2119175891,251.855,-64.054,111.831,5.000,0.000,73.900
740,31.2911318595,121.2119255623,252.614,-64.358,111.831,5.000,0.000,74.000
741,31.2911291300,121.2119335356,253.372,-64.662,111.831,5.000,0.000,74.100
742,31.2911264005,121.2119415088,254.131,-64.966,111.831,5.000,0.000,74.200
743,31.2911236710,121.2119494820,254.889,-65.270,111.831,5.000,0.000,74.300
744,31.2911209415,121.2119574553,255.648,-65.574,111.831,5.000,0.000,74.400
745,31.2911182120,121.2119654285,256.406,-65.878,111.831,5.000,0.000,74.500
746,31.2911154825,121.2119734017,257.165,-66.181,111.831,5.000,0.000,74.600
747,31.2911127530,121.2119813750,257.923,-66.485,111.831,5.000,0.000,74.700
748,31.2911100235,121.2119893482,258.682,-66.789,111.831,5.000,0.000,74.800
749,31.2911072940,121.2119973214,259.440,-67.093,111.831,5.000,0.000,74.900
750,31.2911045646,121.2120052947,260.198,-67.397,111.831,5.000,0.000,75.000
751,31.2911018351,121.2120132679,260.957,-67.701,111.831,5.000,0.000,75.100
752,31.2910991056,121.2120212411,261.715,-68.004,111.831,5.000,0.000,75.200
753,31.2910963761,121.2120292144,262.474,-68.308,111.831,5.000,0.000,75.300
754,31.2910936466,121.2120371876,263.232,-68.612,111.831,5.000,0.000,75.400
755,31.2910909171,121.2120451608,263.991,-68.916,111.831,5.000,0.000,75.500
756,31.2910881876,121.2120531341,264.749,-69.220,111.831,5.000,0.000,75.600
757,31.2910854581,121.2120611073,265.508,-69.524,111.831,5.000,0.000,75.700
758,31.2910827286,121.2120690805,266.266,-69.828,111.831,5.000,0.000,75.800
759,31.2910799991,121.2120770538,267.025,-70.131,111.831,5.000,0.000,75.900
760,31.2910772697,121.2120850270,267.783,-70.435,111.831,5.000,0.000,76.000
761,31.2910745402,121.2120930002,268.542,-70.739,111.831,5.000,0.000,76.100
762,31.2910718107,121.2121009735,269.300,-71.043,111.831,5.000,0.000,76.200
763,31.2910690812,121.2121089467,270.058,-71.347,111.831,5.000,0.000,76.300
764,31.2910663517,121.2121169199,270.817,-71.651,111.831,5.000,0.000,76.400
765,31.2910636222,121.2121248932,271.575,-71.954,111.831,5.000,0.000,76.500
766,31.2910608927,121.2121328664,272.334,-72.258,111.831,5.000,0.000,76.600
767,31.2910581632,121.2121408396,273.092,-72.562,111.831,5.000,0.000,76.700
768,31.2910554337,121.2121488129,273.851,-72.866,111.831,5.000,0.000,76.800
769,31.2910527042,121.2121567861,274.609,-73.170,111.831,5.000,0.000,76.900
770,31.2910499747,121.2121647593,275.368,-73.474,111.831,5.000,0.000,77.000
771,31.2910472453,121.2121727326,276.126,-73.778,111.831,5.000,0.000,77.100
772,31.2910445158,121.2121807058,276.885,-74.081,111.831,5.000,0.000,77.200
773,31.2910417863,121.2121886790,277.643,-74.385,111.831,5.000,0.000,77.300
774,31.2910390568,121.2121966523,278.402,-74.689,111.831,5.000,0.000,77.400
775,31.2910363273,121.2122046255,279.160,-74.993,111.831,5.000,0.000,77.500
776,31.2910335978,121.2122125987,279.918,-75.297,111.831,5.000,0.000,77.600
777,31.2910308683,121.2122205720,280.677,-75.601,111.831,5.000,0.000,77.700
778,31.2910281388,121.2122285452,281.435,-75.904,111.831,5.000,0.000,77.800
779,31.2910254093,121.2122365184,282.194,-76.208,111.831,5.000,0.000,77.900
780,31.2910226798,121.2122444917,282.952,-76.512,111.831,5.000,0.000,78.000
781,31.2910199504,121.2122524649,283.711,-76.816,111.831,5.000,0.000,78.100
782,31.2910172209,121.2122604381,284.469,-77.120,111.831,5.000,0.000,78.200
783,31.2910144914,121.2122684114,285.228,-77.424,111.831,5.000,0.000,78.300
784,31.2910117619,121.2122763846,285.986,-77.728,111.831,5.000,0.000,78.400
785,31.2910090324,121.2122843578,286.745,-78.031,111.831,5.000,0.000,78.500
786,31.2910063029,121.2122923311,287.503,-78.335,111.831,5.000,0.000,78.600
787,31.2910035734,121.2123003043,288.262,-78.639,111.831,5.000,0.000,78.700
788,31.2910008439,121.2123082775,289.020,-78.943,111.831,5.000,0.000,78.800
789,31.2909981144,121.2123162508,289.779,-79.247,111.831,5.000,0.000,78.900
790,31.2909953849,121.2123242240,290.537,-79.551,111.831,5.000,0.000,79.000
791,31.2909926555,121.2123321972,291.295,-79.854,111.831,5.000,0.000,79.100
792,31.2909899260,121.2123401705,292.054,-80.158,111.831,5.000,0.000,79.200
793,31.2909871965,121.2123481437,292.812,-80.462,111.831,5.000,0.000,79.300
794,31.2909844670,121.2123561169,293.571,-80.766,111.831,5.000,0.000,79.400
795,31.2909817375,121.2123640902,294.329,-81.070,111.831,5.000,0.000,79.500
796,31.2909790080,121.2123720634,295.088,-81.374,111.831,5.000,0.000,79.600
797,31.2909762785,121.2123800366,295.846,-81.678,111.831,5.000,0.000,79.700
798,31.2909735490,121.2123880099,296.605,-81.981,111.831,5.000,0.000,79.800
799,31.2909708195,121.2123959831,297.363,-82.285,111.831,5.000,0.000,79.900
800,31.2909680900,121.2124039563,298.122,-82.589,111.831,5.000,0.000,80.000
801,31.2909653606,121.2124119296,298.880,-82.893,111.831,5.000,0.000,80.100
802,31.2909626311,121.2124199028,299.639,-83.197,111.831,5.000,0.000,80.200
803,31.2909599016,121.2124278760,300.397,-83.501,111.831,5.000,0.000,80.300
804,31.2909571721,121.2124358493,301.155,-83.804,111.831,5.000,0.000,80.400
805,31.2909544426,121.2124438225,301.914,-84.108,111.831,5.000,0.000,80.500
806,31.2909517131,121.2124517957,302.672,-84.412,111.831,5.000,0.000,80.600
807,31.2909489836,121.2124597690,303.431,-84.716,111.831,5.000,0.000,80.700
808,31.2909462541,121.2124677422,304.189,-85.020,111.831,5.000,0.000,80.800
809,31.2909435246,121.2124757154,304.948,-85.324,111.831,5.000,0.000,80.900
810,31.2909407951,121.2124836887,305.706,-85.627,111.831,5.000,0.000,81.000
811,31.2909380656,121.2124916619,306.465,-85.931,111.831,5.000,0.000,81.100
812,31.2909353362,121.2124996351,307.223,-86.235,111.831,5.000,0.000,81.200
813,31.2909326067,121.2125076084,307.982,-86.539,111.831,5.000,0.000,81.300
814,31.2909298772,121.2125155816,308.740,-86.843,111.831,5.000,0.000,81.400
815,31.2909271477,121.2125235548,309.499,-87.147,111.831,5.000,0.000,81.500
816,31.2909244182,121.2125315281,310.257,-87.451,111.831,5.000,0.000,81.600
817,31.2909216887,121.2125395013,311.016,-87.754,111.831,5.000,0.000,81.700
818,31.2909189592,121.2125474745,311.774,-88.058,111.831,5.000,0.000,81.800
819,31.2909162297,121.2125554478,312.532,-88.362,111.831,5.000,0.000,81.900
820,31.2909135002,121.2125634210,313.291,-88.666,111.831,5.000,0.000,82.000
821,31.2909107707,121.2125713942,314.049,-88.970,111.831,5.000,0.000,82.100
822,31.2909080413,121.2125793675,314.808,-89.274,111.831,5.000,0.000,82.200
823,31.2909053118,121.2125873407,315.566,-89.577,111.831,5.000,0.000,82.300
824,31.2909025823,121.2125953139,316.325,-89.881,111.831,5.000,0.000,82.400
825,31.2908998528,121.2126032872,317.083,-90.185,111.831,5.000,0.000,82.500
826,31.2908971233,121.2126112604,317.842,-90.489,111.831,5.000,0.000,82.600
827,31.2908943938,121.2126192336,318.600,-90.793,111.831,5.000,0.000,82.700
828,31.2908916643,121.2126272069,319.359,-91.097,111.831,5.000,0.000,82.800
829,31.2908889348,121.2126351801,320.117,-91.401,111.831,5.000,0.000,82.900
830,31.2908862053,121.2126431533,320.876,-91.704,111.831,5.000,0.000,83.000
831,31.2908834758,121.2126511266,321.634,-92.008,111.831,5.000,0.000,83.100
832,31.2908807464,121.2126590998,322.392,-92.312,111.831,5.000,0.000,83.200
833,31.2908780169,121.2126670730,323.151,-92.616,111.831,5.000,0.000,83.300
834,31.2908752874,121.2126750463,323.909,-92.920,111.831,5.000,0.000,83.400
835,31.2908725579,121.2126830195,324.668,-93.224,111.831,5.000,0.000,83.500
836,31.2908698284,121.2126909927,325.426,-93.527,111.831,5.000,0.000,83.600
837,31.2908670989,121.2126989660,326.185,-93.831,111.831,5.000,0.000,83.700
838,31.2908643694,121.2127069392,326.943,-94.135,111.375,5.000,0.000,83.800
839,31.2908616945,121.2127149371,327.704,-94.433,110.383,5.000,0.000,83.900
840,31.2908591380,121.2127229885,328.470,-94.718,110.383,5.000,0.000,84.000
841,31.2908565816,121.2127310399,329.236,-95.002,110.383,5.000,0.000,84.100
842,31.2908540252,121.2127390913,330.002,-95.287,110.383,5.000,0.000,84.200
843,31.2908514688,121.2127471427,330.768,-95.571,110.383,5.000,0.000,84.300
844,31.2908489124,121.2127551941,331.534,-95.856,110.383,5.000,0.000,84.400
845,31.2908463560,121.2127632456,332.299,-96.140,110.383,5.000,0.000,84.500
846,31.2908437996,121.2127712970,333.065,-96.425,110.383,5.000,0.000,84.600
847,31.2908412432,121.2127793484,333.831,-96.710,110.383,5.000,0.000,84.700
848,31.2908386868,121.2127873998,334.597,-96.994,110.383,5.000,0.000,84.800
849,31.2908361304,121.2127954512,335.363,-97.279,110.383,5.000,0.000,84.900
850,31.2908335739,121.2128035026,336.129,-97.563,108.751,5.000,0.000,85.000
851,31.2908312153,121.2128116332,336.902,-97.826,107.365,5.000,0.000,85.100
852,31.2908290247,121.2128198309,337.682,-98.070,107.365,5.000,0.000,85.200
853,31.2908268341,121.2128280287,338.462,-98.314,107.365,5.000,0.000,85.300
854,31.2908246434,121.2128362264,339.242,-98.557,107.365,5.000,0.000,85.400
855,31.2908224528,121.2128444242,340.022,-98.801,107.365,5.000,0.000,85.500
856,31.2908202621,121.2128526219,340.802,-99.045,107.365,5.000,0.000,85.600
857,31.2908180715,121.2128608197,341.581,-99.289,107.365,5.000,0.000,85.700
858,31.2908158808,121.2128690174,342.361,-99.533,107.365,5.000,0.000,85.800
859,31.2908136902,121.2128772152,343.141,-99.777,107.365,5.000,0.000,85.900
860,31.2908114995,121.2128854129,343.921,-100.021,107.365,5.000,0.000,86.000
861,31.2908093089,121.2128936107,344.701,-100.264,107.365,5.000,0.000,86.100
862,31.2908071183,121.2129018084,345.480,-100.508,107.365,5.000,0.000,86.200
863,31.2908049276,121.2129100062,346.260,-100.752,107.365,5.000,0.000,86.300
864,31.2908027370,121.2129182039,347.040,-100.996,107.365,5.000,0.000,86.400
865,31.2908005463,121.2129264017,347.820,-101.240,107.365,5.000,0.000,86.500
866,31.2907983557,121.2129345994,348.600,-101.484,107.365,5.000,0.000,86.600
867,31.2907961650,121.2129427972,349.380,-101.728,107.365,5.000,0.000,86.700
868,31.2907939744,121.2129509949,350.159,-101.972,107.365,5.000,0.000,86.800
869,31.2907917837,121.2129591927,350.939,-102.215,107.365,5.000,0.000,86.900
870,31.2907895931,121.2129673904,351.719,-102.459,107.365,5.000,0.000,87.000
871,31.2907874025,121.2129755882,352.499,-102.703,107.365,5.000,0.000,87.100
872,31.2907852118,121.2129837859,353.279,-102.947,107.365,5.000,0.000,87.200
873,31.2907830212,121.2129919837,354.058,-103.191,107.365,5.000,0.000,87.300
874,31.2907808305,121.2130001814,354.838,-103.435,107.365,5.000,0.000,87.400
875,31.2907786399,121.2130083792,355.618,-103.679,107.365,5.000,0.000,87.500
876,31.2907764492,121.2130165769,356.398,-103.922,107.365,5.000,0.000,87.600
877,31.2907742586,121.2130247747,357.178,-104.166,107.365,5.000,0.000,87.700
878,31.2907720679,121.2130329724,357.958,-104.410,107.365,5.000,0.000,87.800
879,31.2907698773,121.2130411702,358.737,-104.654,107.365,5.000,0.000,87.900
880,31.2907676867,121.2130493679,359.517,-104.898,107.365,5.000,0.000,88.000
881,31.2907654960,121.2130575657,360.297,-105.142,107.365,5.000,0.000,88.100
882,31.2907633054,121.2130657634,361.077,-105.386,107.365,5.000,0.000,88.200
883,31.2907611147,121.2130739612,361.857,-105.629,107.365,5.000,0.000,88.300
884,31.2907589241,121.2130821589,362.637,-105.873,107.365,5.000,0.000,88.400
885,31.2907567334,121.2130903567,363.416,-106.117,107.365,5.000,0.000,88.500
886,31.2907545428,121.2130985544,364.196,-106.361,107.365,5.000,0.000,88.600
887,31.2907523521,121.2131067521,364.976,-106.605,107.365,5.000,0.000,88.700
888,31.2907501615,121.2131149499,365.756,-106.849,107.365,5.000,0.000,88.800
889,31.2907479709,121.2131231476,366.536,-107.093,107.365,5.000,0.000,88.900
890,31.2907457802,121.2131313454,367.315,-107.336,107.365,5.000,0.000,89.000
891,31.2907435896,121.2131395431,368.095,-107.580,107.365,5.000,0.000,89.100
892,31.2907413989,121.2131477409,368.875,-107.824,107.365,5.000,0.000,89.200
893,31.2907392083,121.2131559386,369.655,-108.068,107.365,5.000,0.000,89.300
894,31.2907370176,121.2131641364,370.435,-108.312,107.365,5.000,0.000,89.400
895,31.2907348270,121.2131723341,371.215,-108.556,107.365,5.000,0.000,89.500
896,31.2907326364,121.2131805319,371.994,-108.800,107.365,5.000,0.000,89.600
897,31.2907304457,121.2131887296,372.774,-109.043,107.365,5.000,0.000,89.700
898,31.2907282551,121.2131969274,373.554,-109.287,107.365,5.000,0.000,89.800
899,31.2907260644,121.2132051251,374.334,-109.531,107.365,5.000,0.000,89.900
900,31.2907238738,121.2132133229,375.114,-109.775,107.365,5.000,0.000,90.000
901,31.2907216831,121.2132215206,375.893,-110.019,107.365,5.000,0.000,90.100
902,31.2907194925,121.2132297184,376.673,-110.263,107.365,5.000,0.000,90.200
903,31.2907173018,121.2132379161,377.453,-110.507,107.365,5.000,0.000,90.300
904,31.2907151112,121.2132461139,378.233,-110.751,107.365,5.000,0.000,90.400
905,31.2907129206,121.2132543116,379.013,-110.994,107.365,5.000,0.000,90.500
906,31.2907107299,121.2132625094,379.793,-111.238,107.365,5.000,0.000,90.600
907,31.2907085393,121.2132707071,380.572,-111.482,107.365,5.000,0.000,90.700
908,31.2907063486,121.2132789049,381.352,-111.726,107.365,5.000,0.000,90.800
909,31.2907041580,121.2132871026,382.132,-111.970,107.365,5.000,0.000,90.900
910,31.2907019673,121.2132953004,382.912,-112.214,107.365,5.000,0.000,91.000
911,31.2906997767,121.2133034981,383.692,-112.458,107.365,5.000,0.000,91.100
912,31.2906975860,121.2133116959,384.472,-112.701,107.365,5.000,0.000,91.200
913,31.2906953954,121.2133198936,385.251,-112.945,107.365,5.000,0.000,91.300
914,31.2906932048,121.2133280914,386.031,-113.189,107.365,5.000,0.000,91.400
915,31.2906910141,121.2133362891,386.811,-113.433,107.365,5.000,0.000,91.500
916,31.2906888235,121.2133444869,387.591,-113.677,107.365,5.000,0.000,91.600
917,31.2906866328,121.2133526846,388.371,-113.921,107.365,5.000,0.000,91.700
918,31.2906844422,121.2133608824,389.150,-114.165,107.365,5.000,0.000,91.800
919,31.2906822515,121.2133690801,389.930,-114.408,107.365,5.000,0.000,91.900
920,31.2906800609,121.2133772779,390.710,-114.652,107.365,5.000,0.000,92.000
921,31.2906778702,121.2133854756,391.490,-114.896,107.365,5.000,0.000,92.100
922,31.2906756796,121.2133936734,392.270,-115.140,107.365,5.000,0.000,92.200
923,31.2906734890,121.2134018711,393.050,-115.384,107.365,5.000,0.000,92.300
924,31.2906712983,121.2134100688,393.829,-115.628,107.365,5.000,0.000,92.400
925,31.2906691077,121.2134182666,394.609,-115.872,107.365,5.000,0.000,92.500
926,31.2906669170,121.2134264643,395.389,-116.115,107.365,5.000,0.000,92.600
927,31.2906647264,121.2134346621,396.169,-116.359,107.365,5.000,0.000,92.700
928,31.2906625357,121.2134428598,396.949,-116.603,107.365,5.000,0.000,92.800
929,31.2906603451,121.2134510576,397.728,-116.847,107.365,5.000,0.000,92.900
930,31.2906581544,121.2134592553,398.508,-117.091,107.365,5.000,0.000,93.000
931,31.2906559638,121.2134674531,399.288,-117.335,107.365,5.000,0.000,93.100
932,31.2906537732,121.2134756508,400.068,-117.579,107.365,5.000,0.000,93.200
933,31.2906515825,121.2134838486,400.848,-117.822,107.365,5.000,0.000,93.300
934,31.2906493919,121.2134920463,401.628,-118.066,107.365,5.000,0.000,93.400
935,31.2906472012,121.2135002441,402.407,-118.310,107.365,5.000,0.000,93.500
936,31.2906450106,121.2135084418,403.187,-118.554,107.365,5.000,0.000,93.600
937,31.2906428199,121.2135166396,403.967,-118.798,107.365,5.000,0.000,93.700
938,31.2906406293,121.2135248373,404.747,-119.042,107.365,5.000,0.000,93.800
939,31.2906384387,121.2135330351,405.527,-119.286,107.365,5.000,0.000,93.900
940,31.2906362480,121.2135412328,406.307,-119.530,107.365,5.000,0.000,94.000
941,31.2906340574,121.2135494306,407.086,-119.773,107.365,5.000,0.000,94.100
942,31.2906318667,121.2135576283,407.866,-120.017,107.365,5.000,0.000,94.200
943,31.2906296761,121.2135658261,408.646,-120.261,107.365,5.000,0.000,94.300
944,31.2906274854,121.2135740238,409.426,-120.505,107.365,5.000,0.000,94.400
945,31.2906252948,121.2135822216,410.206,-120.749,107.365,5.000,0.000,94.500
946,31.2906231041,121.2135904193,410.985,-120.993,107.365,5.000,0.000,94.600
947,31.2906209135,121.2135986171,411.765,-121.237,107.365,5.000,0.000,94.700
948,31.2906187229,121.2136068148,412.545,-121.480,107.365,5.000,0.000,94.800
949,31.2906165322,121.2136150126,413.325,-121.724,107.365,5.000,0.000,94.900
950,31.2906143416,121.2136232103,414.105,-121.968,107.365,5.000,0.000,95.000
951,31.2906121509,121.2136314081,414.885,-122.212,107.365,5.000,0.000,95.100
952,31.2906099603,121.2136396058,415.664,-122.456,107.365,5.000,0.000,95.200
953,31.2906077696,121.2136478036,416.444,-122.700,107.365,5.000,0.000,95.300
954,31.2906055790,121.2136560013,417.224,-122.944,107.365,5.000,0.000,95.400
955,31.2906033883,121.2136641991,418.004,-123.187,107.365,5.000,0.000,95.500
956,31.2906011977,121.2136723968,418.784,-123.431,107.365,5.000,0.000,95.600
957,31.2905990071,121.2136805946,419.563,-123.675,107.365,5.000,0.000,95.700
958,31.2905968164,121.2136887923,420.343,-123.919,107.365,5.000,0.000,95.800
959,31.2905946258,121.2136969901,421.123,-124.163,107.365,5.000,0.000,95.900
960,31.2905924351,121.2137051878,421.903,-124.407,107.365,5.000,0.000,96.000
961,31.2905902445,121.2137133856,422.683,-124.651,107.365,5.000,0.000,96.100
962,31.2905880538,121.2137215833,423.463,-124.894,107.365,5.000,0.000,96.200
963,31.2905858632,121.2137297810,424.242,-125.138,107.365,5.000,0.000,96.300
964,31.2905836725,121.2137379788,425.022,-125.382,107.365,5.000,0.000,96.400
965,31.2905814819,121.2137461765,425.802,-125.626,107.365,5.000,0.000,96.500
966,31.2905792913,121.2137543743,426.582,-125.870,107.365,5.000,0.000,96.600
967,31.2905771006,121.2137625720,427.362,-126.114,107.365,5.000,0.000,96.700
968,31.2905749100,121.2137707698,428.142,-126.358,107.365,5.000,0.000,96.800
969,31.2905727193,121.2137789675,428.921,-126.602,107.365,5.000,0.000,96.900
970,31.2905705287,121.2137871653,429.701,-126.845,107.365,5.000,0.000,97.000
971,31.2905683380,121.2137953630,430.481,-127.089,107.365,5.000,0.000,97.100
972,31.2905661474,121.2138035608,431.261,-127.333,107.365,5.000,0.000,97.200
973,31.2905639567,121.2138117585,432.041,-127.577,107.365,5.000,0.000,97.300
974,31.2905617661,121.2138199563,432.820,-127.821,107.365,5.000,0.000,97.400
975,31.2905595755,121.2138281540,433.600,-128.065,107.365,5.000,0.000,97.500
976,31.2905573848,121.2138363518,434.380,-128.309,107.365,5.000,0.000,97.600
977,31.2905551942,121.2138445495,435.160,-128.552,107.365,5.000,0.000,97.700
978,31.2905530035,121.2138527473,435.940,-128.796,107.365,5.000,0.000,97.800
979,31.2905508129,121.2138609450,436.720,-129.040,107.365,5.000,0.000,97.900
980,31.2905486222,121.2138691428,437.499,-129.284,107.365,5.000,0.000,98.000
981,31.2905464316,121.2138773405,438.279,-129.528,107.365,5.000,0.000,98.100
982,31.2905442410,121.2138855383,439.059,-129.772,107.365,5.000,0.000,98.200
983,31.2905420503,121.2138937360,439.839,-130.016,107.365,5.000,0.000,98.300
984,31.2905398597,121.2139019338,440.619,-130.259,107.365,5.000,0.000,98.400
985,31.2905376690,121.2139101315,441.398,-130.503,107.365,5.000,0.000,98.500
986,31.2905354784,121.2139183293,442.178,-130.747,107.365,5.000,0.000,98.600
987,31.2905332877,121.2139265270,442.958,-130.991,107.365,5.000,0.000,98.700
988,31.2905310971,121.2139347248,443.738,-131.235,107.365,5.000,0.000,98.800
989,31.2905289064,121.2139429225,444.518,-131.479,107.365,5.000,0.000,98.900
990,31.2905267158,121.2139511203,445.298,-131.723,107.365,5.000,0.000,99.000
991,31.2905245252,121.2139593180,446.077,-131.966,107.365,5.000,0.000,99.100
992,31.2905223345,121.2139675158,446.857,-132.210,107.365,5.000,0.000,99.200
993,31.2905201439,121.2139757135,447.637,-132.454,107.365,5.000,0.000,99.300
994,31.2905179532,121.2139839113,448.417,-132.698,107.365,5.000,0.000,99.400
995,31.2905157626,121.2139921090,449.197,-132.942,107.365,5.000,0.000,99.500
996,31.2905135719,121.2140003068,449.977,-133.186,107.365,5.000,0.000,99.600
997,31.2905113813,121.2140085045,450.756,-133.430,107.365,5.000,0.000,99.700
998,31.2905091906,121.2140167023,451.536,-133.673,107.365,5.000,0.000,99.800
999,31.2905070000,121.2140249000,452.316,-133.917,107.365,5.000,0.000,99.900
