theta,dL,kappa
-2.4321834364071,1.9378848846183787,0.00030940536528898234
-2.4315838444264863,1.9461802907516597,-7.955282449075875e-05
-2.431738668565584,1.9550675879248998,-0.00045975983826280326
-2.4326375301236016,1.964547448041108,-0.0008304055129076363
-2.4342689011548244,1.9746237877369364,-0.0011892368029881924
-2.4366171964352583,1.9852826690633127,-0.0013968125764591023
-2.4393902642352336,1.994520836004257,-0.0013530908223436014
-2.4420890320734054,1.9986898093018366,-0.001297427547254097
-2.444682187290411,1.9974022165886292,-0.0012559725590720959
-2.4471908696638773,1.9906565544093855,-0.0012270932555143558
-2.4496335908958398,1.9785064187162076,-0.001117481374026128
-2.4518445349671474,1.9678002561213412,-0.0008115831672351019
-2.453441568531497,1.9719532051527342,-0.0007637607869357522
-2.454947669063266,1.991539934403842,-0.006510449510553607
-2.46791348925446,2.0076869677638047,-0.01745934045326179
-2.5029663795482424,2.0048898532363726,-0.026319545021460396
-2.5557341683035926,1.9906097797292017,-0.024193567396294455
-2.603894120169218,1.980844120462253,-0.01888947607649313
-2.6413112277939708,1.9764006383573873,-0.013364794519351504
-2.6677254162135458,1.9748430311666134,-0.007756462185045489
-2.683043211506198,1.9744372000771684,-0.0021273126269649822
-2.6872434566930736,1.9741748373977512,0.003506516179298663
-2.6803209806849706,1.973779334798477,0.009144858242268782
-2.66227104846671,1.9737067897934915,0.013927702446497622
-2.63478184758182,1.9749421654626447,0.01414648823394262
-2.6068433514753715,1.9773712017949292,0.012842642592617508
-2.581448679857772,1.9803896512532797,0.011543742572404701
-2.558587571530638,1.9836199238971224,0.010259090905648189
-2.5382374344091123,1.9867240078486654,0.008993502196181969
-2.520369827681309,1.989403005216072,0.007748848038825795
-2.5049542461058985,1.9913964431386255,0.006524538592259681
-2.4919613031601453,1.9924813145962201,0.005317963586162043
-2.481365360083009,1.992471019606682,0.004146819921275199
-2.4731029415663364,1.9912643932869485,0.0033719820320684316
-2.4663884338110718,1.9896441183678422,0.0029302632017287203
-2.4605582528664796,1.9883267426157922,0.0024961827738021504
-2.4555950259028694,1.9873068293975316,0.0020595316812235176
-2.4515021045274112,1.9865585940815471,0.0016209349691078618
-2.448282022234081,1.98606073579723,0.0011809503953335249
-2.445936583022984,1.9857964738463463,0.0007400814481156211
-2.444466931892956,1.9857535742228898,0.0002987907545134862
-2.4438736070842357,1.9859243665801813,-0.00014248580073265523
-2.4441565731078025,1.9863057534026334,-0.0005833249298596642
-2.4453152347720866,1.986899211247862,-0.001023301519149394
-2.4473484317533543,1.9877107849367384,-0.0012006452107522097
-2.4497349671876503,1.988668163461465,-0.0002335989584731668
-2.450199517999384,1.9894071062298726,0.0010444300883615627
-2.448121721359636,1.9898247900544541,0.0023215635932858913
-2.4435022165700255,1.989952740334861,0.0035993569436792955
-2.436339666356504,1.989861076527333,0.003963006003173867
-2.42845383496474,1.989467806109802,-0.00016619457624744967
-2.4287844737237347,1.9878135821246172,-0.005691418245968368
-2.440097952214628,1.9846891438397218,-0.011269893900387275
-2.4624651882909636,1.9808366848731278,-0.01704051093513477
-2.4962196574802773,1.9774146865796556,-0.02552684043676037
-2.546696806661928,1.971024864343208,-0.036826945088852245
-2.619283631109895,1.9621964146118398,-0.04855172110944448
-2.7145516441941293,1.9602695871578597,-0.058273138426676564
-2.8287827052002417,1.9702576692821774,-0.062255592396422275
-2.95144226357506,1.9724480184311342,-0.0693925321998589
-3.08831542620666,1.9650263500320237,3.1163119887466446
3.0353197466043125,1.9612823908871804,-0.0835990168987692
2.871358466865193,1.966807980004476,-0.08040282033555747
2.713221558214272,1.9725615824698155,-0.07935675287513239
2.5566854761831554,1.9752026489543515,-0.07920721293655256
2.4002351793745063,1.9768650938246934,-0.07113627808715917
2.2596083543193237,1.9817089936333498,-0.05841194951544894
2.143852868628843,1.9833693414572038,-0.03544066683962477
2.0735609365782968,1.9912651789445384,-0.010898190396524675
2.0518597495281785,1.9946391429837653,-0.0007706624405409189
2.0503225560582474,1.9937108323255885,0.0015806990383730032
2.0534740128537,1.9919905332327472,0.0038612383894007867
2.061165563171945,1.9896058780977535,0.006159367827811561
2.0734202776075312,1.9867656176258714,0.008426610857289
2.0901619783319143,1.9838586704695522,0.008283941174860835
2.10659614685733,1.9837446824052138,0.004688135105742409
2.1158962099437484,1.9896428646373008,0.00039755942679458933
2.11668721122054,2.0003652185646605,-0.00868894402514524
2.0993061498065755,2.0042467685723966,-0.020969404250014725
2.057278289099574,1.9963352155533736,-0.031108754700112533
1.995174786579697,1.9844068796525511,-0.030656848820988784
1.934339124870828,1.9790535485383214,-0.027207035399197436
1.8804949449188113,1.9799717822040686,-0.023533630173086743
1.8338990212432498,1.984885743980184,-0.019790863163438723
1.794616419089058,1.9918041306221874,-0.011938808095848847
1.7708366518090286,1.9965091021412509,0.008320204157540142
1.7874480151412393,1.9895212344238773,0.031397303792798766
1.8499136177407012,1.9742072534651778,0.05530761783012793
1.959102318032875,1.9674963508841696,0.0701655170605409
2.0971527168074604,1.9762826411725984,0.07118653182575
2.237837423940042,1.9787006093568387,0.07338785986002544
2.383050026964542,1.9739240549311947,0.07736306167654294
2.535758835371073,1.9678643007284484,0.07716812088933082
2.6876152256235617,1.9686551698833814,0.07456015208877025
2.834398454500485,1.974807428247916,0.07293804481397359
2.9784370472010724,1.983248880947987,0.07257147755269504
3.1223643488462693,1.9912554915324878,-3.081225449217054
-3.0131427475599275,1.9876614054415491,0.07926015096915467
-2.855600404488989,1.9730981911627357,0.08768326608619316
-2.6825927107789926,1.958604691759895,0.09449781676491016
-2.4975088435020782,1.959870673192494,0.08636586993797674
-2.328242907845794,1.9760433730252356,0.07563312426339586
-2.178788573863841,1.9879151810399405,0.06830780782596539
-2.042998445702977,1.9816679619529083,0.05980125756024246
-1.9244922095112906,1.9715340393913996,0.044349824164387035
-1.837055021530134,1.9758763283566725,0.02779133970376996
-1.7821427712761082,1.980741270707027,0.011729235132925
-1.758910191174485,1.9765308818658445,-0.00290574712609346
-1.7646534901041047,1.9753705842893872,-0.017211728576302578
-1.798653032438523,1.9890725626668482,-0.0414624083582731
-1.8811247712860941,1.9835611446996504,-0.06898258175550612
-2.017955940117452,1.9638375708383151,-0.06609312394170894
-2.1477521000883195,1.9671369392977545,-0.05093924896650363
-2.2479565783904647,1.9818077813584871,-0.03617853663284926
-2.3196554838076446,1.9908495969629667,-0.02406080100494255
-2.3675569197909647,1.987637914847807,-0.01774507466813181
-2.4028277030031666,1.9849683590590756,-0.012558118154842549
-2.427755170189867,1.984824885363468,-0.007319158289933049
-2.4422824177036477,1.9856667051641166,-0.0020920733456054985
-2.44643657809078,1.9865943419986587,0.0014807061331308217
-2.443495015664538,1.9873286092478193,0.0017903248521243835
-2.439937051866062,1.987882757247976,0.0017163923299005554
-2.4365250651487784,1.9882559498546548,0.0016431840766531081
-2.433257994631665,1.9884452402180346,0.0015706461649858255
-2.4301348507408305,1.9884478198791218,0.001498723944407272
-2.4271547163809717,1.9882610160065484,0.0014273620425134974
-2.424316748076113,1.9878822887785934,0.0013565044740811369
-2.421620176857437,1.9873092293355332,0.001286094384279309
-2.419064309617761,1.9865395570667295,0.001216074317593837
-2.4166485298815266,1.9855711180686402,0.0011463761827281377
-2.4143723184426586,1.9844019012973184,0.0009967748526861831
-2.412394316529822,1.9831800360531002,0.0005719926045075809
-2.411259952215792,1.982413987078912,8.700607462697126e-05
-2.4110874701564904,1.9822074895324113,-0.00039846835018263774
-2.4118773171045644,1.9825595567364316,-0.0008831981189266392
-2.413628309975735,1.9834747065646012,-0.0013659407771545462
-2.4163376189578876,1.9849629434484197,-0.001845431012684313
-2.4200007311327583,1.9870397170848326,-0.0023203686825895
-2.4246113958633457,1.9897258568601133,-0.0027894082809518154
-2.430161553645298,1.993047480913375,-0.005131891518707235
-2.4403896571089834,1.9947365659257905,-0.02459693306500627
-2.489454058903405,1.976725736589162,-0.05507684234686277
-2.5983258706605676,1.9451534882013206,-0.08818725498072084
-2.7698636173013043,1.9386797684535086,-0.11257208778772587
-2.9881048463880533,1.9732634857714577,3.05903347116206
3.048174204011815,1.9752514368957237,-0.1342843960306816
2.7829287577994024,1.9799585642056117,-0.10796791524704114
2.5691567593464897,1.9886566906832381,-0.08435610748465541
2.401401421797051,1.9648277763659117,-0.06821262461067686
2.267375362263104,1.9658048971004851,-0.04995991230692539
2.169163921991389,1.9846857067523633,-0.03175822727825888
2.106133822240404,2.0011147170978627,-0.015380528894027764
2.0753556195138008,2.00304066063856,-0.008558403768938811
2.0582127887744455,1.996943872663974,-0.008980126282295291
2.040279980619258,1.9920230551437659,-0.009593878669600275
2.021168753121153,1.9886849935733917,-0.010185123147317687
2.000913751560375,1.9870585911837253,-0.01074727454818458
1.9795582873375839,1.9872774559061743,-0.011254807558696768
1.9571918620056121,1.9892829689967855,-0.011581650750547779
1.934152681414667,1.9916009556186238,-0.011839889341694266
1.910572346487318,1.9935373904018194,-0.012111283248999193
1.8864280504846789,1.995168148651969,-0.012395177971078614
1.861697586199898,1.9965792094745218,-0.01269018976264921
1.8363606171554934,1.9978615262727806,-0.012994706508076215
1.8103989929777884,1.999111087300439,-0.013302863976540624
1.7838050901094231,2.000355030342866,-0.013582895366338962
1.7566344770367326,2.0009389768694654,-0.013871581930701635
1.7288782880807396,2.0005155168002213,-0.014197857115589569
1.700475254615676,1.9991807903775536,-0.014561279880969098
1.671364623594317,1.9970470635947568,-0.014960853224791478
1.64148709559286,1.9942376684612446,-0.015395259945516373
1.6107852882937432,1.990887515511602,-0.01592265033362759
1.5790850825306515,1.9871803730831874,-0.017545414515644484
1.5442191791675364,1.9840972624724866,-0.02008319754716631
1.5043721618924895,1.9831176628430822,-0.022587511062044194
1.4595784697456635,1.9854415868404904,-0.023772412131485048
1.412379734080278,1.9916266687309954,-0.019967464240817738
1.3726119997913129,1.9984015131486752,-0.015016684027747996
1.3426026357077707,2.002884507271583,-0.010427683722020993
1.3217171895341964,2.003610522293274,-0.008111538583570513
1.3054648254761585,2.0023888738432083,-0.007141037343454724
1.2911656917519188,2.000642647389168,-0.0062003752324259614
1.2787609566321056,1.9982376470764684,-0.005599908530641527
1.2675710085859875,1.9954505016799835,-0.005528081474583829
1.2565399956341958,1.9928792109279871,-0.0055002391144602664
1.2455786834478495,1.9905739946937964,-0.005601760048494469
1.2344279655707961,1.9885318789600421,-0.006463912884806713
1.221574268736531,1.9868160651844635,-0.007599419896058877
1.2064756192009511,1.9855914507289762,-0.008732046377641082
1.1891373425661294,1.9850590269359576,-0.009855442717237152
1.1695737070358176,1.9854489341328927,-0.010961729753857738
1.147809752379757,1.9870195554790944,-0.01204103170155067
1.12388398692062,1.990056105670587,-0.012937781478069264
1.0981370758963436,1.9945768790603977,-0.012808639192865477
1.0725892603100144,1.9987275248380203,-0.012286603762015087
1.0480316871840842,2.001537165063906,-0.011808477208559199
1.024396581188331,2.0028664398047566,-0.01137483993588283
1.0016142960225891,2.002591488831473,-0.01098460745102097
0.9796166146330088,2.0005997545019865,-0.010619337539987773
0.9583715705575249,1.996878211626392,-0.009956882172899348
0.938488889490721,1.9929783476262901,-0.008989744175636286
0.9205725239979693,1.990178440771638,-0.007988648041995032
0.9046736888938702,1.988313366746074,-0.00697044795453508
0.8908142540536533,1.9871892105901414,-0.005940761982615077
0.8790088359391106,1.9866361418046365,-0.004903951704295754
0.8692664682456873,1.986509054050506,-0.0038632590588878507
0.8615920691470601,1.98668797271164,-0.00282097359924344
0.8559876748261033,1.9870782911101847,-0.001778617924193006
0.8524534217607581,1.9876108888267123,-0.0007371434608309121
0.8509882673913824,1.9882421721416277,0.00030286982177705937
0.8515904459437089,1.9889540692902814,0.0013410125161572165
0.8542576582446904,1.9897539991601727,0.0023733355950883114
0.8589800122363689,1.9906741252769486,0.00299483252551719
0.8649417478544568,1.9916810169913952,0.002831824293391536
0.8705818385430626,1.992624654923401,0.0025810717458665433
0.875724945740005,1.993470721468397,0.002331463408158635
0.8803726497823465,1.9942040243945314,0.002082927254404591
0.8845264316956033,1.9948108587420068,0.0018353663351037303
0.8881876403906396,1.9952789963715822,0.001588661439351155
0.891357463192924,1.9955976749654039,0.0013426741280054858
0.8940369005610093,1.9957575892003692,0.0010972491661925905
0.896226743911683,1.9957508820001377,0.0008522171785979977
0.8979275570975265,1.9955711377524348,0.0006073970789276274
0.8991396611773902,1.9952133769925418,0.0003625983542323274
0.8998631222642304,1.9946740524169717,0.00011762347522820112
0.9000977427582233,1.9939510472323334,-0.00012771077202586667
0.8998430937305993,1.9930437708513586,-0.0003557205884087525
0.8991341270277073,1.992042398994552,-0.000533119715331372
0.8980721299510268,1.9912039262794525,-0.000701626415001501
0.8966750486786937,1.9905757600502088,-0.0008701197902850962
0.8949430093158114,1.9901606923850466,-0.0010384342620785743
0.8928763582657957,1.9899621819238682,-0.0012063999125794616
0.8904756680634851,1.9899843512474724,-0.0013738421565539795
0.8877417436708572,1.9902319824221568,-0.0015405812718551869
0.8846756295520889,1.9907105115850197,-0.0017064319681167515
0.8812786174958525,1.9914260225835236,-0.0018712032211294265
0.8775522547077513,1.9923852386016792,-0.0020346978508023437
0.8734983527447961,1.9935955133396523,-0.0021967125249947304
0.8691189965108674,1.9950648199712155,-0.0038753111333097484
0.8613874996023545,1.9955825288738491,-0.013177086768923159
0.8350915354648235,1.989829816759448,-0.025138896808557576
0.7850694090346916,1.9795650001710647,-0.03752263464161954
0.7107909147838977,1.9718830798253577,-0.04978630809938215
0.612618136235704,1.976748982506473,-0.059335809432540965
0.49532613531367137,1.9829508772978839,-0.06813913068019596
0.3602095863529935,1.9710571084110755,-0.08014643585130583
0.2022363842543847,1.954732185570849,-0.09309125538163927
0.020267911164605804,1.9519650067893717,-0.10078455935810944
-0.1764600219272109,1.9609131885715763,-0.0987300441388199
-0.37006106758737545,1.9765388234349022,-0.08373520485346606
-0.5355669508686095,1.9670237269617614,-0.06950664362968254
-0.6722881680697401,1.9592191323086054,-0.05118931354578556
-0.7725792505384385,1.9743236018329033,-0.032033586982976654
-0.8358239173703286,1.9922419846373245,-0.01401771284916082
-0.8637505934370309,1.9995681222672748,-0.0030654739146158093
-0.8698802173563416,1.9973270183288387,-0.0016087927989638102
-0.8730935026806065,1.9949686470105947,-0.0009148568189679652
-0.8749186133509523,1.9933080841425035,-0.00021650890920767548
-0.8753501823099651,1.9923301318200608,0.0004840908722945032
-0.8743857134785532,1.9920311936106594,0.0011918998518707965
-0.8720114117939655,1.9923857361297768,0.0020124124772971275
-0.8680019098789871,1.9928760077909735,0.0029244860195339045
-0.8621737718555349,1.993109653306615,0.003840035529894064
-0.8545201599718588,1.9931378806627478,0.004756973117039414
-0.8450388566549885,1.9930442912998714,0.005675265832196187
-0.833727800486515,1.9929325431362328,0.006282441028909294
-0.8212073193096611,1.992896952219602,0.004322278074208003
-0.812593464508922,1.9926748546467095,0.0011005867673873318
-0.8104003529321913,1.9918869072483214,-0.0021341123906555267
-0.8146512634617366,1.9904478992898889,-0.005381896343175809
-0.8253636477322122,1.9885216978597147,-0.008647509504132497
-0.8425594080136364,1.986521862748656,-0.010613151963540835
-0.8636426664218947,1.98521518004808,-0.008665814317202692
-0.8808461725518921,1.9850877421707038,-0.0059802610983248836
-0.8927175155531631,1.985715983584862,-0.003291123508394374
-0.899252752107737,1.986722920309793,-0.0006062888626387023
-0.9004572800874705,1.9879009404075474,0.0016943144104080413
-0.8970891508776726,1.9892107596209343,0.0019556723983917843
-0.893198906300496,1.9906942808042984,0.0015340117544206042
-0.8901451578742828,1.9923422864895268,0.0011130743665478272
-0.8879275327458009,1.994139552932495,0.0006936775928929338
-0.8865442428208294,1.9960750288198876,0.0002763552206418866
-0.8859926170658219,1.9981416411559887,0.0007622154501681344
-0.8844696026353077,1.9997104879048828,0.00416426695883163
-0.8761422743232922,1.998837604557753,0.0081812427746929
-0.8597892986132114,1.9955134140819717,0.01226368625657595
-0.8353169481821091,1.9905267228305308,0.016430208621441993
-0.8026121788594318,1.985066112188764,0.021065854624759982
-0.7607950647195048,1.9799279072807516,0.02878270928562848
-0.7038073753577113,1.9721133437426792,0.03817664534571308
-0.6285187036520605,1.9648275663064942,0.04767429248082509
-0.5348469395815293,1.9661452901832293,0.05610401639430883
-0.4245382919874402,1.9836057687885456,0.06014703799330977
-0.30523028044830697,1.9961515367499076,0.06413499347442926
-0.17720711466481556,1.989026269897404,0.07139938480069441
-0.03519186264164956,1.9702755498550204,0.07994560369834022
0.12232300564366923,1.9542912753213797,0.07834740814532228
0.2754366618261941,1.9597938760039644,0.07004958639488772
0.4127194122595757,1.981099544842382,0.05657218019803338
0.5247945327006974,1.9946337550491675,0.04300975013672044
0.6105832321196736,1.9812354455208736,0.031615105233514414
0.6732201992222164,1.9660164898113006,0.019595240807689547
0.711744765771977,1.962859495132956,0.007007736324478963
0.7254999675558756,1.9665034459531432,-0.0029135472710252732
0.7197704668074542,1.9734647228596203,-0.002846561789385348
0.7141528775346592,1.9784737228456943,-0.0005344328374751556
0.7130955162090882,1.9802194077710977,0.00176019590558181
0.7165810903028023,1.9786731514230165,0.004071571420631404
0.724637399356911,1.9739292660670265,0.006433037720763619
0.7373357607836458,1.9662070122658521,0.008875806976923696
0.7547874347012002,1.9558555063628935,0.0
0.7547874347012002,1.9558555063628935,0.0
