s,x,y
0.0,-1515.9118390224867,105925.28029242635
2.0,-1517.3822030468673,105924.01798205967
4.0,-1518.8581008079386,105922.74938302019
6.0,-1520.34093559423,105921.47522044425
8.0,-1521.8321106942699,105920.19621946824
10.0,-1523.3330293965867,105918.91310522854
12.0,-1524.845075185518,105917.62661200731
14.0,-1526.367735304468,105916.3383497951
16.0,-1527.8970565341942,105915.05151743224
18.0,-1529.4287222110534,105913.76948160233
20.0,-1530.9584156714022,105912.495608989
22.0,-1532.4818607062382,105911.23322914334
24.0,-1533.999834265015,105909.98103342268
26.0,-1535.523013513261,105908.7286259726
28.0,-1537.0632252158266,105907.46609707328
30.0,-1538.6322961375606,105906.21357026594
32.0,-1540.2420530433076,105905.01846942166
34.0,-1541.900704204902,105903.9178315978
36.0,-1543.6020307689178,105902.90332119759
38.0,-1545.3362187744303,105901.95529617427
40.0,-1547.0934542605153,105901.05411448106
42.0,-1548.8639232662472,105900.18013407121
44.0,-1550.6378118307014,105899.31371289793
46.0,-1552.4053059929536,105898.43520891451
48.0,-1554.1565917920782,105897.52498007413
50.0,-1555.8832777208106,105896.56636009706
52.0,-1557.5846008205049,105895.55864159463
54.0,-1559.262344602957,105894.50644438344
56.0,-1560.9182943558612,105893.41439199535
58.0,-1562.5542353669116,105892.28710796205
60.0,-1564.1719529238023,105891.1292158154
62.0,-1565.7732323142275,105889.94533908721
64.0,-1567.3598588258815,105888.7401013092
66.0,-1568.9336177464586,105887.51812601327
68.0,-1570.4962796821364,105886.28393738961
70.0,-1572.0493547320332,105885.04029692423
72.0,-1573.5941292807984,105883.78845235365
74.0,-1575.1318824435996,105882.52960222577
76.0,-1576.663893335606,105881.26494508864
78.0,-1578.1914410719867,105879.99567949021
80.0,-1579.7158047679104,105878.7230039785
82.0,-1581.238263538545,105877.44811710146
84.0,-1582.7600964990602,105876.1722174071
86.0,-1584.2825827646243,105874.89650344341
88.0,-1585.8070014504062,105873.6221737584
90.0,-1587.3346316715742,105872.35042689997
92.0,-1588.8660298494676,105871.08171862573
94.0,-1590.398586492386,105869.81325074259
96.0,-1591.9288254229155,105868.54133427104
98.0,-1593.453270441619,105867.26228020896
100.0,-1594.9684453490568,105865.97239955411
102.0,-1596.4731040340173,105864.67086799732
104.0,-1597.9769415060418,105863.37091580781
106.0,-1599.493002713828,105862.09007646897
108.0,-1601.0343334674753,105860.84588457059
110.0,-1602.61404154804,105859.65647664103
112.0,-1604.246457887654,105858.55186996442
114.0,-1605.947033790673,105857.57296426539
116.0,-1607.7312619269849,105856.76106106184
118.0,-1609.605908138421,105856.15474689797
120.0,-1611.542804401726,105855.78194125074
122.0,-1613.5050425841082,105855.67729961504
124.0,-1615.4552601009445,105855.88533868307
126.0,-1617.3506894822501,105856.41039210006
128.0,-1619.1450174742458,105857.22977372896
130.0,-1620.7918690297909,105858.32032655136
132.0,-1622.249910921055,105859.6552832707
134.0,-1623.5095258106508,105861.18516590193
136.0,-1624.584914279607,105862.85168730457
138.0,-1625.544405160579,105864.59654095523
140.0,-1626.4673689028616,105866.36479524722
142.0,-1627.387185122423,105868.1336426135
144.0,-1628.3117727298375,105869.89805867574
146.0,-1629.248780891965,105871.65320745982
148.0,-1630.2058587756665,105873.39425299165
150.0,-1631.1905064333278,105875.11650855186
152.0,-1632.2032654961022,105876.82225239128
154.0,-1633.2349022866088,105878.5235472691
156.0,-1634.2734513091978,105880.23318961044
158.0,-1635.2840868199785,105881.96397584036
160.0,-1636.2174112678763,105883.7287023823
162.0,-1637.034499640962,105885.53708211416
164.0,-1637.738226758348,105887.38679049448
166.0,-1638.3416659392656,105889.27256604137
168.0,-1638.8578905029472,105891.18914727276
170.0,-1639.299983460271,105893.13126918238
172.0,-1639.69670749163,105895.08796502944
174.0,-1640.1243765619859,105897.03097658588
176.0,-1640.6682848917292,105898.92878005528
178.0,-1641.4132204580706,105900.74979979508
180.0,-1642.4060777028756,105902.45857935057
182.0,-1643.6302285759573,105904.01315670194
184.0,-1645.0629801441864,105905.37094870309
186.0,-1646.6806188486469,105906.49154449458
188.0,-1648.4498688189176,105907.35488551678
190.0,-1650.3322271262848,105907.9520384129
192.0,-1652.2891377150675,105908.27418290112
194.0,-1654.2800251067817,105908.3124690092
196.0,-1656.2513114568733,105908.05785559905
198.0,-1658.144266744379,105907.50122578358
200.0,-1659.9001480609163,105906.63346248589
202.0,-1661.4673591218198,105905.45662666632
204.0,-1662.8250360631685,105904.0208478759
206.0,-1663.9605742766787,105902.38917397078
208.0,-1664.8619330263732,105900.62436227663
210.0,-1665.5448078873637,105898.77486818562
212.0,-1666.0647080092072,105896.86861764378
214.0,-1666.4802211285728,105894.93194915663
216.0,-1666.8498449880026,105892.99028684574
218.0,-1667.2303907113087,105891.05191797018
220.0,-1667.679702606499,105889.11425740125
222.0,-1668.2854254674953,105887.22544437968
224.0,-1669.1346009401677,105885.45469340305
226.0,-1670.2076250003593,105883.80598266305
228.0,-1671.4493908381983,105882.26145047296
230.0,-1672.8047683601133,105880.80322076169
232.0,-1674.22611911846,105879.41380847504
234.0,-1675.6936077630694,105878.07717970668
236.0,-1677.1938473722332,105876.77763711767
238.0,-1678.713451024241,105875.49948336917
240.0,-1680.23906358691,105874.22705915206
242.0,-1681.7614891367348,105872.94968080311
244.0,-1683.279783438114,105871.66653612266
246.0,-1684.7939750491164,105870.37797666059
248.0,-1686.3040925278112,105869.0843539668
250.0,-1687.8101644322662,105867.78601959115
252.0,-1689.3122193205502,105866.48332508346
254.0,-1690.8102857507317,105865.1766219937
256.0,-1692.304392280879,105863.8662618716
258.0,-1693.7945674690604,105862.55259626715
260.0,-1695.280839873345,105861.23597673017
262.0,-1696.76323809109,105859.91675482696
264.0,-1698.2421128315289,105858.59541741453
266.0,-1699.718917072694,105857.27291431456
268.0,-1701.1953393767358,105855.95029429668
270.0,-1702.6730683058063,105854.62860613066
272.0,-1704.153792422055,105853.30889858611
274.0,-1705.6392002876332,105851.99222043267
276.0,-1707.1309804646924,105850.67962044006
278.0,-1708.6308215153833,105849.37214737796
280.0,-1710.140412001856,105848.07085001597
282.0,-1711.664523672297,105846.7839710071
284.0,-1713.2356010345495,105845.58432082496
286.0,-1714.9007001486739,105844.57880253432
288.0,-1716.7069694578172,105843.87462185619
290.0,-1718.6570349689737,105843.57293777229
292.0,-1720.6236736559474,105843.75719442443
294.0,-1722.4776408500948,105844.45220633727
296.0,-1724.1492738301029,105845.5294243345
298.0,-1725.5999839844587,105846.85456139866
300.0,-1726.8612393439216,105848.36241544057
302.0,-1727.979201767399,105850.00227439008
304.0,-1729.0000331137962,105851.72342617688
306.0,-1729.968346430304,105853.4768631473
308.0,-1730.9036046681906,105855.24125450384
310.0,-1731.8048474262985,105857.01774467921
312.0,-1732.6705237026256,105858.8081280427
314.0,-1733.4990824951724,105860.61419896381
316.0,-1734.2889728019368,105862.43775181197
318.0,-1735.0386383666957,105864.2803717597
320.0,-1735.746480123003,105866.14193948999
322.0,-1736.4108781414045,105868.02150502491
324.0,-1737.030212352292,105869.91811280635
326.0,-1737.6028626860586,105871.83080727619
328.0,-1738.1272090730963,105873.75863287633
330.0,-1738.6016314437984,105875.70063404871
332.0,-1739.0245097285579,105877.65577961969
334.0,-1739.3942238577656,105879.62226589012
336.0,-1739.7091537618164,105881.59783707044
338.0,-1739.9676793711014,105883.58023166838
340.0,-1740.1681806160136,105885.56718819156
342.0,-1740.3090374269464,105887.5564451476
344.0,-1740.388629734292,105889.54574104414
346.0,-1740.4051007984026,105891.53285315452
348.0,-1740.3523753601187,105893.51624972987
350.0,-1740.220745271025,105895.49499407524
352.0,-1740.0003836594658,105897.46816894202
354.0,-1739.686194943522,105899.43485708161
356.0,-1739.2927306210784,105901.39414124546
358.0,-1738.8396412718546,105903.3451041849
360.0,-1738.3457279978861,105905.2868829578
362.0,-1737.8206431990707,105907.21919948366
364.0,-1737.2684645289341,105909.14213206667
366.0,-1736.6931678890082,105911.05576407682
368.0,-1736.0973265120933,105912.96017888411
370.0,-1735.481308998311,105914.85545985855
372.0,-1734.8452906923246,105916.74169037012
374.0,-1734.188953561369,105918.618784029
376.0,-1733.5091308151475,105920.48567425356
378.0,-1732.8016354546248,105922.34094343189
380.0,-1732.0622791818676,105924.18317350502
382.0,-1731.2868736989444,105926.01094641408
384.0,-1730.4712307079235,105927.82284410023
386.0,-1729.6111619108733,105929.61744850456
388.0,-1728.7031196468927,105931.39334156815
390.0,-1727.7480250574772,105933.14910523215
392.0,-1726.748702699269,105934.88332143768
394.0,-1725.7079841696261,105936.59457212585
396.0,-1724.6287010659057,105938.28143923773
398.0,-1723.5136849854664,105939.94250471449
400.0,-1722.3657731141138,105941.57646338217
402.0,-1721.1879076430137,105943.18413114203
404.0,-1719.9831241541406,105944.76821036071
406.0,-1718.7544614849987,105946.3314691652
408.0,-1717.5049584730912,105947.87667568277
410.0,-1716.2376539559216,105949.4065980405
412.0,-1714.9555867709932,105950.9240043655
414.0,-1713.6617957558099,105952.43166278502
416.0,-1712.3593197478745,105953.93234142609
418.0,-1711.0511975846914,105955.42880841589
420.0,-1709.7404681037635,105956.92383188156
422.0,-1708.4301701425945,105958.42017995026
424.0,-1707.1233425386872,105959.92062074911
426.0,-1705.8230140568605,105961.42791279526
428.0,-1704.531041551742,105962.94369652636
430.0,-1703.2470306451405,105964.46746455567
432.0,-1701.9703317332303,105965.99846599449
434.0,-1700.700295212188,105967.53594995412
436.0,-1699.4362714781885,105969.07916554569
438.0,-1698.1776109274062,105970.62736188054
440.0,-1696.9236639560172,105972.17978806986
442.0,-1695.6737809601957,105973.73569322494
444.0,-1694.4273123361183,105975.29432645703
446.0,-1693.183608479959,105976.85493687735
448.0,-1691.9420197878933,105978.4167735972
450.0,-1690.7018966560966,105979.97908572778
452.0,-1689.4625894807439,105981.54112238032
454.0,-1688.2234486580107,105983.10213278835
456.0,-1686.983824584072,105984.6614804323
458.0,-1685.7430676551025,105986.2188549278
460.0,-1684.5005282672785,105987.77400370725
462.0,-1683.255556816774,105989.32667420318
464.0,-1682.007503699765,105990.87661384801
466.0,-1680.7557193124267,105992.42357007423
468.0,-1679.4995540509337,105993.96729031432
470.0,-1678.238358311462,105995.50752200068
472.0,-1676.9714824901857,105997.04401256586
474.0,-1675.6982769832814,105998.57650944227
476.0,-1674.418092186923,106000.10476006242
478.0,-1673.1302784972863,106001.6285118587
480.0,-1671.8303853047419,106003.14265429504
482.0,-1670.4949909647812,106004.61783043925
484.0,-1669.094767026544,106006.01713402057
486.0,-1667.6003831369046,106007.30365633708
488.0,-1665.9831151184856,106008.44030962478
490.0,-1664.2384876939798,106009.38284308914
492.0,-1662.3939271742804,106010.07758233072
494.0,-1660.479032770013,106010.47021108388
496.0,-1658.5274686716175,106010.50977062868
498.0,-1656.5970059397107,106010.16554080162
500.0,-1654.7542683962777,106009.45068132832
502.0,-1653.0626684405522,106008.44685269144
504.0,-1651.5297779484467,106007.22669436253
506.0,-1650.1159395923241,106005.84864690779
508.0,-1648.7800084832995,106004.3707036757
510.0,-1647.481107973808,106002.85046351637
512.0,-1646.192995636149,106001.32400296211
514.0,-1644.9113100502577,105999.79521849022
516.0,-1643.6334813176445,105998.26537181542
518.0,-1642.3569395398201,105996.7357246523
520.0,-1641.079114818296,105995.20753871552
522.0,-1639.7974372545814,105993.6821195783
524.0,-1638.5093369501876,105992.16147748094
526.0,-1637.2122440066257,105990.64819099588
528.0,-1635.9035885254057,105989.14485489148
530.0,-1634.5808006080392,105987.65406393606
532.0,-1633.2413103560366,105986.17841289795
534.0,-1631.883473964662,105984.71967419742
536.0,-1630.5132754579363,105983.27284693457
538.0,-1629.1404502552527,105981.82959906461
540.0,-1627.7747598904957,105980.38157535369
542.0,-1626.4259658975493,105978.9204205681
544.0,-1625.1038267439933,105977.43778198442
546.0,-1623.814086880058,105975.92859333006
548.0,-1622.550581037169,105974.39753933718
550.0,-1621.3049453710162,105972.85110480747
552.0,-1620.0688160372913,105971.29577454274
554.0,-1618.8338291916848,105969.7380333447
556.0,-1617.5927855075827,105968.18343692752
558.0,-1616.3447734158244,105966.63252444177
560.0,-1615.090993965258,105965.08414952726
562.0,-1613.8326497722417,105963.53716457308
564.0,-1612.570943453134,105961.99042196844
566.0,-1611.307076927298,105960.44277490822
568.0,-1610.0398606013625,105958.89584090229
570.0,-1608.7603652837063,105957.3601835507
572.0,-1607.458098952491,105955.84817290644
574.0,-1606.1225695858784,105954.37217902257
576.0,-1604.743285162031,105952.94457195202
578.0,-1603.30924704968,105951.57941657245
580.0,-1601.8057396445229,105950.30321262198
582.0,-1600.216391963264,105949.14799778767
584.0,-1598.5248254382732,105948.1458351294
586.0,-1596.7173063220093,105947.32878770708
588.0,-1594.8134213494666,105946.72891858053
590.0,-1592.855543501229,105946.37829080963
592.0,-1590.88648788628,105946.3089674543
594.0,-1588.9467993388103,105946.54742652335
596.0,-1587.0608768911536,105947.08042610857
598.0,-1585.2461234404684,105947.87504886171
600.0,-1583.5199137207562,105948.87443058075
602.0,-1581.8966602510002,105950.01036282499
604.0,-1580.3595933542865,105951.23618752422
606.0,-1578.8732701645692,105952.51824086685
608.0,-1577.4019956426762,105953.82303475255
610.0,-1575.9180349116534,105955.12396655751
612.0,-1574.423004490741,105956.41982237995
614.0,-1572.9252843858044,105957.7152386799
616.0,-1571.4332546027065,105959.01485191718
618.0,-1569.955295147312,105960.3232985518
620.0,-1568.4997860254853,105961.64521504362
622.0,-1567.075107243091,105962.98523785267
